video_filename,video_width,video_height,resolution,fps,total_video_frames,video_duration_seconds,frame,timestamp_seconds,object_type,object_id,person_id,person_authorization,face_detected,vehicle_tracker_id,physical_vehicle_id,vehicle_type,plate_number,ocr_confidence,permit_status,event_status,event_reason,authorization
border_cctv.mp4,1920,1080,1920x1080,24.0,496,20.67,1,0.04,person,1,1,AUTHORIZED,False,,,,,,,,,AUTHORIZED
border_cctv.mp4,1920,1080,1920x1080,24.0,496,20.67,1,0.04,vehicle,2,,,,2,1,car,JK02DA7007,0.486,VALID,ALLOWED,VALID,
border_cctv.mp4,1920,1080,1920x1080,24.0,496,20.67,1,0.04,person,3,3,UNAUTHORIZED,False,,,,,,,,,UNAUTHORIZED
border_cctv.mp4,1920,1080,1920x1080,24.0,496,20.67,2,0.08,person,1,1,AUTHORIZED,False,,,,,,,,,AUTHORIZED
border_cctv.mp4,1920,1080,1920x1080,24.0,496,20.67,2,0.08,vehicle,2,,,,2,1,car,JK02DA7007,0.486,VALID,ALLOWED,VALID,
border_cctv.mp4,1920,1080,1920x1080,24.0,496,20.67,2,0.08,person,3,3,UNAUTHORIZED,False,,,,,,,,,UNAUTHORIZED
border_cctv.mp4,1920,1080,1920x1080,24.0,496,20.67,3,0.12,person,1,1,AUTHORIZED,False,,,,,,,,,AUTHORIZED
border_cctv.mp4,1920,1080,1920x1080,24.0,496,20.67,3,0.12,vehicle,2,,,,2,1,car,JK02DA7007,0.486,VALID,ALLOWED,VALID,
border_cctv.mp4,1920,1080,1920x1080,24.0,496,20.67,3,0.12,person,3,3,UNAUTHORIZED,False,,,,,,,,,UNAUTHORIZED
border_cctv.mp4,1920,1080,1920x1080,24.0,496,20.67,4,0.17,person,1,1,AUTHORIZED,False,,,,,,,,,AUTHORIZED
border_cctv.mp4,1920,1080,1920x1080,24.0,496,20.67,4,0.17,vehicle,2,,,,2,1,car,JK02DA7007,0.486,VALID,ALLOWED,VALID,
border_cctv.mp4,1920,1080,1920x1080,24.0,496,20.67,4,0.17,person,3,3,UNAUTHORIZED,False,,,,,,,,,UNAUTHORIZED
border_cctv.mp4,1920,1080,1920x1080,24.0,496,20.67,5,0.21,person,1,1,AUTHORIZED,False,,,,,,,,,AUTHORIZED
border_cctv.mp4,1920,1080,1920x1080,24.0,496,20.67,5,0.21,vehicle,2,,,,2,1,car,JK02DA7007,0.486,VALID,ALLOWED,VALID,
border_cctv.mp4,1920,1080,1920x1080,24.0,496,20.67,5,0.21,person,3,3,UNAUTHORIZED,False,,,,,,,,,UNAUTHORIZED
border_cctv.mp4,1920,1080,1920x1080,24.0,496,20.67,6,0.25,person,1,1,AUTHORIZED,False,,,,,,,,,AUTHORIZED
border_cctv.mp4,1920,1080,1920x1080,24.0,496,20.67,6,0.25,vehicle,2,,,,2,1,car,JK02DA7007,0.605,VALID,ALLOWED,VALID,
border_cctv.mp4,1920,1080,1920x1080,24.0,496,20.67,6,0.25,person,3,3,UNAUTHORIZED,False,,,,,,,,,UNAUTHORIZED
border_cctv.mp4,1920,1080,1920x1080,24.0,496,20.67,7,0.29,person,1,1,AUTHORIZED,False,,,,,,,,,AUTHORIZED
border_cctv.mp4,1920,1080,1920x1080,24.0,496,20.67,7,0.29,vehicle,2,,,,2,1,car,JK02DA7007,0.605,VALID,ALLOWED,VALID,
border_cctv.mp4,1920,1080,1920x1080,24.0,496,20.67,7,0.29,person,3,3,UNAUTHORIZED,False,,,,,,,,,UNAUTHORIZED
border_cctv.mp4,1920,1080,1920x1080,24.0,496,20.67,8,0.33,person,1,1,AUTHORIZED,False,,,,,,,,,AUTHORIZED
border_cctv.mp4,1920,1080,1920x1080,24.0,496,20.67,8,0.33,vehicle,2,,,,2,1,car,JK02DA7007,0.605,VALID,ALLOWED,VALID,
border_cctv.mp4,1920,1080,1920x1080,24.0,496,20.67,8,0.33,person,3,3,UNAUTHORIZED,False,,,,,,,,,UNAUTHORIZED
border_cctv.mp4,1920,1080,1920x1080,24.0,496,20.67,9,0.38,person,1,1,AUTHORIZED,False,,,,,,,,,AUTHORIZED
border_cctv.mp4,1920,1080,1920x1080,24.0,496,20.67,9,0.38,vehicle,2,,,,2,1,car,JK02DA7007,0.605,VALID,ALLOWED,VALID,
border_cctv.mp4,1920,1080,1920x1080,24.0,496,20.67,9,0.38,person,3,3,UNAUTHORIZED,False,,,,,,,,,UNAUTHORIZED
border_cctv.mp4,1920,1080,1920x1080,24.0,496,20.67,10,0.42,person,1,1,AUTHORIZED,False,,,,,,,,,AUTHORIZED
border_cctv.mp4,1920,1080,1920x1080,24.0,496,20.67,10,0.42,vehicle,2,,,,2,1,car,JK02DA7007,0.605,VALID,ALLOWED,VALID,
border_cctv.mp4,1920,1080,1920x1080,24.0,496,20.67,10,0.42,person,3,3,UNAUTHORIZED,False,,,,,,,,,UNAUTHORIZED
border_cctv.mp4,1920,1080,1920x1080,24.0,496,20.67,11,0.46,person,1,1,AUTHORIZED,False,,,,,,,,,AUTHORIZED
border_cctv.mp4,1920,1080,1920x1080,24.0,496,20.67,11,0.46,vehicle,2,,,,2,1,car,JK02DA7007,0.605,VALID,ALLOWED,VALID,
border_cctv.mp4,1920,1080,1920x1080,24.0,496,20.67,11,0.46,person,3,3,UNAUTHORIZED,False,,,,,,,,,UNAUTHORIZED
border_cctv.mp4,1920,1080,1920x1080,24.0,496,20.67,12,0.5,person,1,1,AUTHORIZED,False,,,,,,,,,AUTHORIZED
border_cctv.mp4,1920,1080,1920x1080,24.0,496,20.67,12,0.5,vehicle,2,,,,2,1,car,JK02DA7007,0.605,VALID,ALLOWED,VALID,
border_cctv.mp4,1920,1080,1920x1080,24.0,496,20.67,12,0.5,person,3,3,UNAUTHORIZED,False,,,,,,,,,UNAUTHORIZED
border_cctv.mp4,1920,1080,1920x1080,24.0,496,20.67,13,0.54,person,1,1,AUTHORIZED,False,,,,,,,,,AUTHORIZED
border_cctv.mp4,1920,1080,1920x1080,24.0,496,20.67,13,0.54,vehicle,2,,,,2,1,car,JK02DA7007,0.605,VALID,ALLOWED,VALID,
border_cctv.mp4,1920,1080,1920x1080,24.0,496,20.67,13,0.54,person,3,3,UNAUTHORIZED,False,,,,,,,,,UNAUTHORIZED
border_cctv.mp4,1920,1080,1920x1080,24.0,496,20.67,14,0.58,person,1,1,AUTHORIZED,False,,,,,,,,,AUTHORIZED
border_cctv.mp4,1920,1080,1920x1080,24.0,496,20.67,14,0.58,vehicle,2,,,,2,1,car,JK02DA7007,0.605,VALID,ALLOWED,VALID,
border_cctv.mp4,1920,1080,1920x1080,24.0,496,20.67,14,0.58,person,3,3,UNAUTHORIZED,False,,,,,,,,,UNAUTHORIZED
border_cctv.mp4,1920,1080,1920x1080,24.0,496,20.67,15,0.62,person,1,1,AUTHORIZED,False,,,,,,,,,AUTHORIZED
border_cctv.mp4,1920,1080,1920x1080,24.0,496,20.67,15,0.62,vehicle,2,,,,2,1,car,JK02DA7007,0.853,VALID,ALLOWED,VALID,
border_cctv.mp4,1920,1080,1920x1080,24.0,496,20.67,15,0.62,person,3,3,UNAUTHORIZED,False,,,,,,,,,UNAUTHORIZED
border_cctv.mp4,1920,1080,1920x1080,24.0,496,20.67,16,0.67,person,1,1,AUTHORIZED,False,,,,,,,,,AUTHORIZED
border_cctv.mp4,1920,1080,1920x1080,24.0,496,20.67,16,0.67,vehicle,2,,,,2,1,car,JK02DA7007,0.853,VALID,ALLOWED,VALID,
border_cctv.mp4,1920,1080,1920x1080,24.0,496,20.67,16,0.67,person,3,3,UNAUTHORIZED,False,,,,,,,,,UNAUTHORIZED
border_cctv.mp4,1920,1080,1920x1080,24.0,496,20.67,17,0.71,person,1,1,AUTHORIZED,False,,,,,,,,,AUTHORIZED
border_cctv.mp4,1920,1080,1920x1080,24.0,496,20.67,17,0.71,vehicle,2,,,,2,1,car,JK02DA7007,0.853,VALID,ALLOWED,VALID,
border_cctv.mp4,1920,1080,1920x1080,24.0,496,20.67,17,0.71,person,3,3,UNAUTHORIZED,False,,,,,,,,,UNAUTHORIZED
border_cctv.mp4,1920,1080,1920x1080,24.0,496,20.67,18,0.75,person,1,1,AUTHORIZED,False,,,,,,,,,AUTHORIZED
border_cctv.mp4,1920,1080,1920x1080,24.0,496,20.67,18,0.75,vehicle,2,,,,2,1,car,JK02DA7007,0.853,VALID,ALLOWED,VALID,
border_cctv.mp4,1920,1080,1920x1080,24.0,496,20.67,18,0.75,person,3,3,UNAUTHORIZED,False,,,,,,,,,UNAUTHORIZED
border_cctv.mp4,1920,1080,1920x1080,24.0,496,20.67,19,0.79,person,1,1,AUTHORIZED,False,,,,,,,,,AUTHORIZED
border_cctv.mp4,1920,1080,1920x1080,24.0,496,20.67,19,0.79,vehicle,2,,,,2,1,car,JK02DA7007,0.853,VALID,ALLOWED,VALID,
border_cctv.mp4,1920,1080,1920x1080,24.0,496,20.67,19,0.79,person,3,3,UNAUTHORIZED,False,,,,,,,,,UNAUTHORIZED
border_cctv.mp4,1920,1080,1920x1080,24.0,496,20.67,20,0.83,person,1,1,AUTHORIZED,False,,,,,,,,,AUTHORIZED
border_cctv.mp4,1920,1080,1920x1080,24.0,496,20.67,20,0.83,vehicle,2,,,,2,1,car,JK02DA7007,0.853,VALID,ALLOWED,VALID,
border_cctv.mp4,1920,1080,1920x1080,24.0,496,20.67,20,0.83,person,3,3,UNAUTHORIZED,False,,,,,,,,,UNAUTHORIZED
border_cctv.mp4,1920,1080,1920x1080,24.0,496,20.67,21,0.88,person,1,1,AUTHORIZED,False,,,,,,,,,AUTHORIZED
border_cctv.mp4,1920,1080,1920x1080,24.0,496,20.67,21,0.88,vehicle,2,,,,2,1,car,JK02DA7007,0.853,VALID,ALLOWED,VALID,
border_cctv.mp4,1920,1080,1920x1080,24.0,496,20.67,21,0.88,person,3,3,UNAUTHORIZED,False,,,,,,,,,UNAUTHORIZED
border_cctv.mp4,1920,1080,1920x1080,24.0,496,20.67,22,0.92,person,1,1,AUTHORIZED,False,,,,,,,,,AUTHORIZED
border_cctv.mp4,1920,1080,1920x1080,24.0,496,20.67,22,0.92,vehicle,2,,,,2,1,car,JK02DA7007,0.853,VALID,ALLOWED,VALID,
border_cctv.mp4,1920,1080,1920x1080,24.0,496,20.67,22,0.92,person,3,3,UNAUTHORIZED,False,,,,,,,,,UNAUTHORIZED
border_cctv.mp4,1920,1080,1920x1080,24.0,496,20.67,23,0.96,person,1,1,AUTHORIZED,False,,,,,,,,,AUTHORIZED
border_cctv.mp4,1920,1080,1920x1080,24.0,496,20.67,23,0.96,vehicle,2,,,,2,1,car,JK02DA7007,0.853,VALID,ALLOWED,VALID,
border_cctv.mp4,1920,1080,1920x1080,24.0,496,20.67,23,0.96,person,3,3,UNAUTHORIZED,False,,,,,,,,,UNAUTHORIZED
border_cctv.mp4,1920,1080,1920x1080,24.0,496,20.67,24,1.0,person,1,1,AUTHORIZED,False,,,,,,,,,AUTHORIZED
border_cctv.mp4,1920,1080,1920x1080,24.0,496,20.67,24,1.0,vehicle,2,,,,2,1,car,JK02DA7007,0.853,VALID,ALLOWED,VALID,
border_cctv.mp4,1920,1080,1920x1080,24.0,496,20.67,24,1.0,person,3,3,UNAUTHORIZED,False,,,,,,,,,UNAUTHORIZED
border_cctv.mp4,1920,1080,1920x1080,24.0,496,20.67,25,1.04,person,1,1,AUTHORIZED,False,,,,,,,,,AUTHORIZED
border_cctv.mp4,1920,1080,1920x1080,24.0,496,20.67,25,1.04,vehicle,2,,,,2,1,car,JK02DA7007,0.853,VALID,ALLOWED,VALID,
border_cctv.mp4,1920,1080,1920x1080,24.0,496,20.67,25,1.04,person,3,3,UNAUTHORIZED,False,,,,,,,,,UNAUTHORIZED
border_cctv.mp4,1920,1080,1920x1080,24.0,496,20.67,26,1.08,person,1,1,AUTHORIZED,False,,,,,,,,,AUTHORIZED
border_cctv.mp4,1920,1080,1920x1080,24.0,496,20.67,26,1.08,vehicle,2,,,,2,1,car,JK02DA7007,0.853,VALID,ALLOWED,VALID,
border_cctv.mp4,1920,1080,1920x1080,24.0,496,20.67,26,1.08,person,3,3,UNAUTHORIZED,False,,,,,,,,,UNAUTHORIZED
border_cctv.mp4,1920,1080,1920x1080,24.0,496,20.67,27,1.12,person,1,1,AUTHORIZED,False,,,,,,,,,AUTHORIZED
border_cctv.mp4,1920,1080,1920x1080,24.0,496,20.67,27,1.12,vehicle,2,,,,2,1,car,JK02DA7007,0.854,VALID,ALLOWED,VALID,
border_cctv.mp4,1920,1080,1920x1080,24.0,496,20.67,27,1.12,person,3,3,UNAUTHORIZED,False,,,,,,,,,UNAUTHORIZED
border_cctv.mp4,1920,1080,1920x1080,24.0,496,20.67,28,1.17,person,1,1,AUTHORIZED,False,,,,,,,,,AUTHORIZED
border_cctv.mp4,1920,1080,1920x1080,24.0,496,20.67,28,1.17,vehicle,2,,,,2,1,car,JK02DA7007,0.854,VALID,ALLOWED,VALID,
border_cctv.mp4,1920,1080,1920x1080,24.0,496,20.67,28,1.17,person,3,3,UNAUTHORIZED,False,,,,,,,,,UNAUTHORIZED
border_cctv.mp4,1920,1080,1920x1080,24.0,496,20.67,29,1.21,person,1,1,AUTHORIZED,False,,,,,,,,,AUTHORIZED
border_cctv.mp4,1920,1080,1920x1080,24.0,496,20.67,29,1.21,vehicle,2,,,,2,1,car,JK02DA7007,0.854,VALID,ALLOWED,VALID,
border_cctv.mp4,1920,1080,1920x1080,24.0,496,20.67,29,1.21,person,3,3,UNAUTHORIZED,False,,,,,,,,,UNAUTHORIZED
border_cctv.mp4,1920,1080,1920x1080,24.0,496,20.67,30,1.25,person,1,1,AUTHORIZED,False,,,,,,,,,AUTHORIZED
border_cctv.mp4,1920,1080,1920x1080,24.0,496,20.67,30,1.25,vehicle,2,,,,2,1,car,JK02DA7007,0.854,VALID,ALLOWED,VALID,
border_cctv.mp4,1920,1080,1920x1080,24.0,496,20.67,30,1.25,person,3,3,UNAUTHORIZED,False,,,,,,,,,UNAUTHORIZED
border_cctv.mp4,1920,1080,1920x1080,24.0,496,20.67,31,1.29,person,1,1,AUTHORIZED,False,,,,,,,,,AUTHORIZED
border_cctv.mp4,1920,1080,1920x1080,24.0,496,20.67,31,1.29,vehicle,2,,,,2,1,car,JK02DA7007,0.854,VALID,ALLOWED,VALID,
border_cctv.mp4,1920,1080,1920x1080,24.0,496,20.67,31,1.29,person,3,3,UNAUTHORIZED,False,,,,,,,,,UNAUTHORIZED
border_cctv.mp4,1920,1080,1920x1080,24.0,496,20.67,32,1.33,person,1,1,AUTHORIZED,False,,,,,,,,,AUTHORIZED
border_cctv.mp4,1920,1080,1920x1080,24.0,496,20.67,32,1.33,vehicle,2,,,,2,1,car,JK02DA7007,0.854,VALID,ALLOWED,VALID,
border_cctv.mp4,1920,1080,1920x1080,24.0,496,20.67,32,1.33,person,3,3,UNAUTHORIZED,False,,,,,,,,,UNAUTHORIZED
border_cctv.mp4,1920,1080,1920x1080,24.0,496,20.67,33,1.38,person,1,1,AUTHORIZED,False,,,,,,,,,AUTHORIZED
border_cctv.mp4,1920,1080,1920x1080,24.0,496,20.67,33,1.38,vehicle,2,,,,2,1,car,JK02DA7007,0.854,VALID,ALLOWED,VALID,
border_cctv.mp4,1920,1080,1920x1080,24.0,496,20.67,33,1.38,person,3,3,UNAUTHORIZED,False,,,,,,,,,UNAUTHORIZED
border_cctv.mp4,1920,1080,1920x1080,24.0,496,20.67,34,1.42,person,1,1,AUTHORIZED,False,,,,,,,,,AUTHORIZED
border_cctv.mp4,1920,1080,1920x1080,24.0,496,20.67,34,1.42,vehicle,2,,,,2,1,car,JK02DA7007,0.854,VALID,ALLOWED,VALID,
border_cctv.mp4,1920,1080,1920x1080,24.0,496,20.67,34,1.42,person,3,3,UNAUTHORIZED,True,,,,,,,,,UNAUTHORIZED
border_cctv.mp4,1920,1080,1920x1080,24.0,496,20.67,35,1.46,person,1,1,AUTHORIZED,False,,,,,,,,,AUTHORIZED
border_cctv.mp4,1920,1080,1920x1080,24.0,496,20.67,35,1.46,vehicle,2,,,,2,1,car,JK02DA7007,0.854,VALID,ALLOWED,VALID,
border_cctv.mp4,1920,1080,1920x1080,24.0,496,20.67,35,1.46,person,3,3,UNAUTHORIZED,False,,,,,,,,,UNAUTHORIZED
border_cctv.mp4,1920,1080,1920x1080,24.0,496,20.67,36,1.5,person,1,1,AUTHORIZED,False,,,,,,,,,AUTHORIZED
border_cctv.mp4,1920,1080,1920x1080,24.0,496,20.67,36,1.5,vehicle,2,,,,2,1,car,JK02DA7007,0.854,VALID,ALLOWED,VALID,
border_cctv.mp4,1920,1080,1920x1080,24.0,496,20.67,36,1.5,person,3,3,UNAUTHORIZED,False,,,,,,,,,UNAUTHORIZED
border_cctv.mp4,1920,1080,1920x1080,24.0,496,20.67,37,1.54,person,1,1,AUTHORIZED,False,,,,,,,,,AUTHORIZED
border_cctv.mp4,1920,1080,1920x1080,24.0,496,20.67,37,1.54,vehicle,2,,,,2,1,car,JK02DA7007,0.854,VALID,ALLOWED,VALID,
border_cctv.mp4,1920,1080,1920x1080,24.0,496,20.67,38,1.58,person,1,1,AUTHORIZED,False,,,,,,,,,AUTHORIZED
border_cctv.mp4,1920,1080,1920x1080,24.0,496,20.67,38,1.58,vehicle,2,,,,2,1,car,JK02DA7007,0.854,VALID,ALLOWED,VALID,
border_cctv.mp4,1920,1080,1920x1080,24.0,496,20.67,38,1.58,person,3,3,UNAUTHORIZED,True,,,,,,,,,UNAUTHORIZED
border_cctv.mp4,1920,1080,1920x1080,24.0,496,20.67,39,1.62,person,1,1,AUTHORIZED,False,,,,,,,,,AUTHORIZED
border_cctv.mp4,1920,1080,1920x1080,24.0,496,20.67,39,1.62,vehicle,2,,,,2,1,car,JK02DA7007,0.945,VALID,ALLOWED,VALID,
border_cctv.mp4,1920,1080,1920x1080,24.0,496,20.67,40,1.67,person,1,1,AUTHORIZED,False,,,,,,,,,AUTHORIZED
border_cctv.mp4,1920,1080,1920x1080,24.0,496,20.67,40,1.67,vehicle,2,,,,2,1,car,JK02DA7007,0.945,VALID,ALLOWED,VALID,
border_cctv.mp4,1920,1080,1920x1080,24.0,496,20.67,40,1.67,person,3,3,UNAUTHORIZED,False,,,,,,,,,UNAUTHORIZED
border_cctv.mp4,1920,1080,1920x1080,24.0,496,20.67,41,1.71,person,1,1,AUTHORIZED,False,,,,,,,,,AUTHORIZED
border_cctv.mp4,1920,1080,1920x1080,24.0,496,20.67,41,1.71,vehicle,2,,,,2,1,car,JK02DA7007,0.945,VALID,ALLOWED,VALID,
border_cctv.mp4,1920,1080,1920x1080,24.0,496,20.67,41,1.71,person,3,3,UNAUTHORIZED,True,,,,,,,,,UNAUTHORIZED
border_cctv.mp4,1920,1080,1920x1080,24.0,496,20.67,42,1.75,person,1,1,AUTHORIZED,False,,,,,,,,,AUTHORIZED
border_cctv.mp4,1920,1080,1920x1080,24.0,496,20.67,42,1.75,vehicle,2,,,,2,1,car,JK02DA7007,0.945,VALID,ALLOWED,VALID,
border_cctv.mp4,1920,1080,1920x1080,24.0,496,20.67,42,1.75,person,3,3,UNAUTHORIZED,True,,,,,,,,,UNAUTHORIZED
border_cctv.mp4,1920,1080,1920x1080,24.0,496,20.67,43,1.79,person,1,1,AUTHORIZED,False,,,,,,,,,AUTHORIZED
border_cctv.mp4,1920,1080,1920x1080,24.0,496,20.67,43,1.79,vehicle,2,,,,2,1,car,JK02DA7007,0.945,VALID,ALLOWED,VALID,
border_cctv.mp4,1920,1080,1920x1080,24.0,496,20.67,43,1.79,person,3,3,UNAUTHORIZED,False,,,,,,,,,UNAUTHORIZED
border_cctv.mp4,1920,1080,1920x1080,24.0,496,20.67,44,1.83,person,1,1,AUTHORIZED,False,,,,,,,,,AUTHORIZED
border_cctv.mp4,1920,1080,1920x1080,24.0,496,20.67,44,1.83,vehicle,2,,,,2,1,car,JK02DA7007,0.945,VALID,ALLOWED,VALID,
border_cctv.mp4,1920,1080,1920x1080,24.0,496,20.67,44,1.83,person,3,3,UNAUTHORIZED,False,,,,,,,,,UNAUTHORIZED
border_cctv.mp4,1920,1080,1920x1080,24.0,496,20.67,45,1.88,person,1,1,AUTHORIZED,False,,,,,,,,,AUTHORIZED
border_cctv.mp4,1920,1080,1920x1080,24.0,496,20.67,45,1.88,vehicle,2,,,,2,1,car,JK02DA7007,0.945,VALID,ALLOWED,VALID,
border_cctv.mp4,1920,1080,1920x1080,24.0,496,20.67,45,1.88,person,3,3,UNAUTHORIZED,False,,,,,,,,,UNAUTHORIZED
border_cctv.mp4,1920,1080,1920x1080,24.0,496,20.67,46,1.92,person,1,1,AUTHORIZED,False,,,,,,,,,AUTHORIZED
border_cctv.mp4,1920,1080,1920x1080,24.0,496,20.67,46,1.92,vehicle,2,,,,2,1,car,JK02DA7007,0.945,VALID,ALLOWED,VALID,
border_cctv.mp4,1920,1080,1920x1080,24.0,496,20.67,46,1.92,person,3,3,UNAUTHORIZED,False,,,,,,,,,UNAUTHORIZED
border_cctv.mp4,1920,1080,1920x1080,24.0,496,20.67,47,1.96,person,1,1,AUTHORIZED,False,,,,,,,,,AUTHORIZED
border_cctv.mp4,1920,1080,1920x1080,24.0,496,20.67,47,1.96,vehicle,2,,,,2,1,car,JK02DA7007,0.945,VALID,ALLOWED,VALID,
border_cctv.mp4,1920,1080,1920x1080,24.0,496,20.67,47,1.96,person,3,3,UNAUTHORIZED,False,,,,,,,,,UNAUTHORIZED
border_cctv.mp4,1920,1080,1920x1080,24.0,496,20.67,48,2.0,person,1,1,AUTHORIZED,False,,,,,,,,,AUTHORIZED
border_cctv.mp4,1920,1080,1920x1080,24.0,496,20.67,48,2.0,vehicle,2,,,,2,1,car,JK02DA7007,0.945,VALID,ALLOWED,VALID,
border_cctv.mp4,1920,1080,1920x1080,24.0,496,20.67,48,2.0,person,3,3,UNAUTHORIZED,False,,,,,,,,,UNAUTHORIZED
border_cctv.mp4,1920,1080,1920x1080,24.0,496,20.67,49,2.04,person,1,1,AUTHORIZED,False,,,,,,,,,AUTHORIZED
border_cctv.mp4,1920,1080,1920x1080,24.0,496,20.67,49,2.04,vehicle,2,,,,2,1,car,JK02DA7007,0.945,VALID,ALLOWED,VALID,
border_cctv.mp4,1920,1080,1920x1080,24.0,496,20.67,49,2.04,vehicle,5,,,,5,1,car,,0.0,VALID,ALLOWED,VALID,
border_cctv.mp4,1920,1080,1920x1080,24.0,496,20.67,50,2.08,person,1,1,AUTHORIZED,False,,,,,,,,,AUTHORIZED
border_cctv.mp4,1920,1080,1920x1080,24.0,496,20.67,50,2.08,vehicle,2,,,,2,1,car,JK02DA7007,0.945,VALID,ALLOWED,VALID,
border_cctv.mp4,1920,1080,1920x1080,24.0,496,20.67,50,2.08,vehicle,5,,,,5,1,car,,0.0,VALID,ALLOWED,VALID,
border_cctv.mp4,1920,1080,1920x1080,24.0,496,20.67,51,2.12,person,1,1,AUTHORIZED,False,,,,,,,,,AUTHORIZED
border_cctv.mp4,1920,1080,1920x1080,24.0,496,20.67,51,2.12,vehicle,2,,,,2,1,car,JK02DA7007,0.945,VALID,ALLOWED,VALID,
border_cctv.mp4,1920,1080,1920x1080,24.0,496,20.67,51,2.12,vehicle,5,,,,5,1,car,JK02DA7007,0.588,VALID,ALLOWED,VALID,
border_cctv.mp4,1920,1080,1920x1080,24.0,496,20.67,52,2.17,person,1,1,AUTHORIZED,False,,,,,,,,,AUTHORIZED
border_cctv.mp4,1920,1080,1920x1080,24.0,496,20.67,52,2.17,vehicle,2,,,,2,1,car,JK02DA7007,0.945,VALID,ALLOWED,VALID,
border_cctv.mp4,1920,1080,1920x1080,24.0,496,20.67,52,2.17,vehicle,5,,,,5,1,car,JK02DA7007,0.588,VALID,ALLOWED,VALID,
border_cctv.mp4,1920,1080,1920x1080,24.0,496,20.67,53,2.21,person,1,1,AUTHORIZED,False,,,,,,,,,AUTHORIZED
border_cctv.mp4,1920,1080,1920x1080,24.0,496,20.67,53,2.21,vehicle,2,,,,2,1,car,JK02DA7007,0.945,VALID,ALLOWED,VALID,
border_cctv.mp4,1920,1080,1920x1080,24.0,496,20.67,53,2.21,vehicle,5,,,,5,1,car,JK02DA7007,0.588,VALID,ALLOWED,VALID,
border_cctv.mp4,1920,1080,1920x1080,24.0,496,20.67,54,2.25,person,1,1,AUTHORIZED,False,,,,,,,,,AUTHORIZED
border_cctv.mp4,1920,1080,1920x1080,24.0,496,20.67,54,2.25,vehicle,2,,,,2,1,car,JK02DA7007,0.945,VALID,ALLOWED,VALID,
border_cctv.mp4,1920,1080,1920x1080,24.0,496,20.67,54,2.25,vehicle,5,,,,5,1,car,JK02DA7007,0.588,VALID,ALLOWED,VALID,
border_cctv.mp4,1920,1080,1920x1080,24.0,496,20.67,55,2.29,person,1,1,AUTHORIZED,False,,,,,,,,,AUTHORIZED
border_cctv.mp4,1920,1080,1920x1080,24.0,496,20.67,55,2.29,vehicle,2,,,,2,1,car,JK02DA7007,0.945,VALID,ALLOWED,VALID,
border_cctv.mp4,1920,1080,1920x1080,24.0,496,20.67,55,2.29,vehicle,5,,,,5,1,car,JK02DA7007,0.588,VALID,ALLOWED,VALID,
border_cctv.mp4,1920,1080,1920x1080,24.0,496,20.67,56,2.33,person,1,1,AUTHORIZED,False,,,,,,,,,AUTHORIZED
border_cctv.mp4,1920,1080,1920x1080,24.0,496,20.67,56,2.33,vehicle,2,,,,2,1,car,JK02DA7007,0.945,VALID,ALLOWED,VALID,
border_cctv.mp4,1920,1080,1920x1080,24.0,496,20.67,56,2.33,vehicle,5,,,,5,1,car,JK02DA7007,0.588,VALID,ALLOWED,VALID,
border_cctv.mp4,1920,1080,1920x1080,24.0,496,20.67,57,2.38,person,1,1,AUTHORIZED,False,,,,,,,,,AUTHORIZED
border_cctv.mp4,1920,1080,1920x1080,24.0,496,20.67,58,2.42,person,1,1,AUTHORIZED,False,,,,,,,,,AUTHORIZED
border_cctv.mp4,1920,1080,1920x1080,24.0,496,20.67,58,2.42,vehicle,2,,,,2,1,car,JK02DA7007,0.945,VALID,ALLOWED,VALID,
border_cctv.mp4,1920,1080,1920x1080,24.0,496,20.67,59,2.46,person,1,1,AUTHORIZED,False,,,,,,,,,AUTHORIZED
border_cctv.mp4,1920,1080,1920x1080,24.0,496,20.67,59,2.46,vehicle,2,,,,2,1,car,JK02DA7007,0.945,VALID,ALLOWED,VALID,
border_cctv.mp4,1920,1080,1920x1080,24.0,496,20.67,60,2.5,person,1,1,AUTHORIZED,False,,,,,,,,,AUTHORIZED
border_cctv.mp4,1920,1080,1920x1080,24.0,496,20.67,60,2.5,vehicle,2,,,,2,1,car,JK02DA7007,0.945,VALID,ALLOWED,VALID,
border_cctv.mp4,1920,1080,1920x1080,24.0,496,20.67,61,2.54,person,1,1,AUTHORIZED,False,,,,,,,,,AUTHORIZED
border_cctv.mp4,1920,1080,1920x1080,24.0,496,20.67,61,2.54,vehicle,2,,,,2,1,car,JK02DA7007,0.945,VALID,ALLOWED,VALID,
border_cctv.mp4,1920,1080,1920x1080,24.0,496,20.67,62,2.58,person,1,1,AUTHORIZED,False,,,,,,,,,AUTHORIZED
border_cctv.mp4,1920,1080,1920x1080,24.0,496,20.67,62,2.58,vehicle,2,,,,2,1,car,JK02DA7007,0.945,VALID,ALLOWED,VALID,
border_cctv.mp4,1920,1080,1920x1080,24.0,496,20.67,62,2.58,vehicle,6,,,,6,1,car,,0.0,VALID,ALLOWED,VALID,
border_cctv.mp4,1920,1080,1920x1080,24.0,496,20.67,63,2.62,person,1,1,AUTHORIZED,False,,,,,,,,,AUTHORIZED
border_cctv.mp4,1920,1080,1920x1080,24.0,496,20.67,63,2.62,vehicle,2,,,,2,1,car,JK02DA7007,0.945,VALID,ALLOWED,VALID,
border_cctv.mp4,1920,1080,1920x1080,24.0,496,20.67,63,2.62,vehicle,6,,,,6,1,truck,JK02DA7007,0.576,VALID,ALLOWED,VALID,
border_cctv.mp4,1920,1080,1920x1080,24.0,496,20.67,64,2.67,person,1,1,AUTHORIZED,False,,,,,,,,,AUTHORIZED
border_cctv.mp4,1920,1080,1920x1080,24.0,496,20.67,64,2.67,vehicle,2,,,,2,1,car,JK02DA7007,0.945,VALID,ALLOWED,VALID,
border_cctv.mp4,1920,1080,1920x1080,24.0,496,20.67,64,2.67,vehicle,6,,,,6,1,truck,JK02DA7007,0.576,VALID,ALLOWED,VALID,
border_cctv.mp4,1920,1080,1920x1080,24.0,496,20.67,64,2.67,person,7,7,UNAUTHORIZED,False,,,,,,,,,UNAUTHORIZED
border_cctv.mp4,1920,1080,1920x1080,24.0,496,20.67,65,2.71,person,1,1,AUTHORIZED,False,,,,,,,,,AUTHORIZED
border_cctv.mp4,1920,1080,1920x1080,24.0,496,20.67,65,2.71,vehicle,2,,,,2,1,car,JK02DA7007,0.945,VALID,ALLOWED,VALID,
border_cctv.mp4,1920,1080,1920x1080,24.0,496,20.67,65,2.71,vehicle,6,,,,6,1,truck,JK02DA7007,0.576,VALID,ALLOWED,VALID,
border_cctv.mp4,1920,1080,1920x1080,24.0,496,20.67,65,2.71,person,7,7,UNAUTHORIZED,False,,,,,,,,,UNAUTHORIZED
border_cctv.mp4,1920,1080,1920x1080,24.0,496,20.67,66,2.75,person,1,1,AUTHORIZED,True,,,,,,,,,AUTHORIZED
border_cctv.mp4,1920,1080,1920x1080,24.0,496,20.67,66,2.75,vehicle,2,,,,2,1,car,JK02DA7007,0.945,VALID,ALLOWED,VALID,
border_cctv.mp4,1920,1080,1920x1080,24.0,496,20.67,66,2.75,vehicle,6,,,,6,1,truck,JK02DA7007,0.693,VALID,ALLOWED,VALID,
border_cctv.mp4,1920,1080,1920x1080,24.0,496,20.67,66,2.75,person,7,7,UNAUTHORIZED,False,,,,,,,,,UNAUTHORIZED
border_cctv.mp4,1920,1080,1920x1080,24.0,496,20.67,67,2.79,person,1,1,AUTHORIZED,False,,,,,,,,,AUTHORIZED
border_cctv.mp4,1920,1080,1920x1080,24.0,496,20.67,67,2.79,vehicle,2,,,,2,1,car,JK02DA7007,0.945,VALID,ALLOWED,VALID,
border_cctv.mp4,1920,1080,1920x1080,24.0,496,20.67,67,2.79,vehicle,6,,,,6,1,car,JK02DA7007,0.693,VALID,ALLOWED,VALID,
border_cctv.mp4,1920,1080,1920x1080,24.0,496,20.67,67,2.79,person,7,7,UNAUTHORIZED,False,,,,,,,,,UNAUTHORIZED
border_cctv.mp4,1920,1080,1920x1080,24.0,496,20.67,68,2.83,person,1,1,AUTHORIZED,True,,,,,,,,,AUTHORIZED
border_cctv.mp4,1920,1080,1920x1080,24.0,496,20.67,68,2.83,vehicle,2,,,,2,1,car,JK02DA7007,0.945,VALID,ALLOWED,VALID,
border_cctv.mp4,1920,1080,1920x1080,24.0,496,20.67,68,2.83,person,7,7,UNAUTHORIZED,False,,,,,,,,,UNAUTHORIZED
border_cctv.mp4,1920,1080,1920x1080,24.0,496,20.67,69,2.88,person,1,1,AUTHORIZED,False,,,,,,,,,AUTHORIZED
border_cctv.mp4,1920,1080,1920x1080,24.0,496,20.67,69,2.88,vehicle,2,,,,2,1,car,JK02DA7007,0.945,VALID,ALLOWED,VALID,
border_cctv.mp4,1920,1080,1920x1080,24.0,496,20.67,69,2.88,person,7,7,UNAUTHORIZED,False,,,,,,,,,UNAUTHORIZED
border_cctv.mp4,1920,1080,1920x1080,24.0,496,20.67,70,2.92,person,1,1,AUTHORIZED,False,,,,,,,,,AUTHORIZED
border_cctv.mp4,1920,1080,1920x1080,24.0,496,20.67,70,2.92,vehicle,2,,,,2,1,car,JK02DA7007,0.945,VALID,ALLOWED,VALID,
border_cctv.mp4,1920,1080,1920x1080,24.0,496,20.67,70,2.92,person,7,7,UNAUTHORIZED,False,,,,,,,,,UNAUTHORIZED
border_cctv.mp4,1920,1080,1920x1080,24.0,496,20.67,71,2.96,person,1,1,AUTHORIZED,False,,,,,,,,,AUTHORIZED
border_cctv.mp4,1920,1080,1920x1080,24.0,496,20.67,71,2.96,vehicle,2,,,,2,1,car,JK02DA7007,0.945,VALID,ALLOWED,VALID,
border_cctv.mp4,1920,1080,1920x1080,24.0,496,20.67,71,2.96,person,7,7,UNAUTHORIZED,False,,,,,,,,,UNAUTHORIZED
border_cctv.mp4,1920,1080,1920x1080,24.0,496,20.67,72,3.0,person,1,1,AUTHORIZED,False,,,,,,,,,AUTHORIZED
border_cctv.mp4,1920,1080,1920x1080,24.0,496,20.67,72,3.0,vehicle,2,,,,2,1,car,JK02DA7007,0.945,VALID,ALLOWED,VALID,
border_cctv.mp4,1920,1080,1920x1080,24.0,496,20.67,72,3.0,person,7,7,UNAUTHORIZED,False,,,,,,,,,UNAUTHORIZED
border_cctv.mp4,1920,1080,1920x1080,24.0,496,20.67,73,3.04,person,1,1,AUTHORIZED,False,,,,,,,,,AUTHORIZED
border_cctv.mp4,1920,1080,1920x1080,24.0,496,20.67,73,3.04,vehicle,2,,,,2,1,car,JK02DA7007,0.945,VALID,ALLOWED,VALID,
border_cctv.mp4,1920,1080,1920x1080,24.0,496,20.67,73,3.04,person,7,7,UNAUTHORIZED,False,,,,,,,,,UNAUTHORIZED
border_cctv.mp4,1920,1080,1920x1080,24.0,496,20.67,74,3.08,person,1,1,AUTHORIZED,False,,,,,,,,,AUTHORIZED
border_cctv.mp4,1920,1080,1920x1080,24.0,496,20.67,74,3.08,vehicle,2,,,,2,1,car,JK02DA7007,0.945,VALID,ALLOWED,VALID,
border_cctv.mp4,1920,1080,1920x1080,24.0,496,20.67,74,3.08,person,7,7,UNAUTHORIZED,False,,,,,,,,,UNAUTHORIZED
border_cctv.mp4,1920,1080,1920x1080,24.0,496,20.67,75,3.12,person,1,1,AUTHORIZED,False,,,,,,,,,AUTHORIZED
border_cctv.mp4,1920,1080,1920x1080,24.0,496,20.67,75,3.12,vehicle,2,,,,2,1,car,JK02DA7007,0.945,VALID,ALLOWED,VALID,
border_cctv.mp4,1920,1080,1920x1080,24.0,496,20.67,75,3.12,person,7,7,UNAUTHORIZED,False,,,,,,,,,UNAUTHORIZED
border_cctv.mp4,1920,1080,1920x1080,24.0,496,20.67,76,3.17,person,1,1,AUTHORIZED,False,,,,,,,,,AUTHORIZED
border_cctv.mp4,1920,1080,1920x1080,24.0,496,20.67,76,3.17,vehicle,2,,,,2,1,car,JK02DA7007,0.945,VALID,ALLOWED,VALID,
border_cctv.mp4,1920,1080,1920x1080,24.0,496,20.67,76,3.17,person,7,7,UNAUTHORIZED,False,,,,,,,,,UNAUTHORIZED
border_cctv.mp4,1920,1080,1920x1080,24.0,496,20.67,77,3.21,person,1,1,AUTHORIZED,True,,,,,,,,,AUTHORIZED
border_cctv.mp4,1920,1080,1920x1080,24.0,496,20.67,77,3.21,vehicle,2,,,,2,1,car,JK02DA7007,0.945,VALID,ALLOWED,VALID,
border_cctv.mp4,1920,1080,1920x1080,24.0,496,20.67,77,3.21,person,7,7,UNAUTHORIZED,False,,,,,,,,,UNAUTHORIZED
border_cctv.mp4,1920,1080,1920x1080,24.0,496,20.67,78,3.25,person,1,1,AUTHORIZED,False,,,,,,,,,AUTHORIZED
border_cctv.mp4,1920,1080,1920x1080,24.0,496,20.67,78,3.25,vehicle,2,,,,2,1,car,JK02DA7007,0.945,VALID,ALLOWED,VALID,
border_cctv.mp4,1920,1080,1920x1080,24.0,496,20.67,78,3.25,person,7,7,UNAUTHORIZED,False,,,,,,,,,UNAUTHORIZED
border_cctv.mp4,1920,1080,1920x1080,24.0,496,20.67,79,3.29,person,1,1,AUTHORIZED,True,,,,,,,,,AUTHORIZED
border_cctv.mp4,1920,1080,1920x1080,24.0,496,20.67,79,3.29,vehicle,2,,,,2,1,car,JK02DA7007,0.945,VALID,ALLOWED,VALID,
border_cctv.mp4,1920,1080,1920x1080,24.0,496,20.67,79,3.29,person,7,7,UNAUTHORIZED,False,,,,,,,,,UNAUTHORIZED
border_cctv.mp4,1920,1080,1920x1080,24.0,496,20.67,80,3.33,person,1,1,AUTHORIZED,False,,,,,,,,,AUTHORIZED
border_cctv.mp4,1920,1080,1920x1080,24.0,496,20.67,80,3.33,vehicle,2,,,,2,1,car,JK02DA7007,0.945,VALID,ALLOWED,VALID,
border_cctv.mp4,1920,1080,1920x1080,24.0,496,20.67,80,3.33,person,7,7,UNAUTHORIZED,False,,,,,,,,,UNAUTHORIZED
border_cctv.mp4,1920,1080,1920x1080,24.0,496,20.67,81,3.38,person,1,1,AUTHORIZED,False,,,,,,,,,AUTHORIZED
border_cctv.mp4,1920,1080,1920x1080,24.0,496,20.67,81,3.38,vehicle,2,,,,2,1,car,JK02DA7007,0.945,VALID,ALLOWED,VALID,
border_cctv.mp4,1920,1080,1920x1080,24.0,496,20.67,81,3.38,person,7,7,UNAUTHORIZED,False,,,,,,,,,UNAUTHORIZED
border_cctv.mp4,1920,1080,1920x1080,24.0,496,20.67,82,3.42,person,1,1,AUTHORIZED,False,,,,,,,,,AUTHORIZED
border_cctv.mp4,1920,1080,1920x1080,24.0,496,20.67,82,3.42,vehicle,2,,,,2,1,car,JK02DA7007,0.945,VALID,ALLOWED,VALID,
border_cctv.mp4,1920,1080,1920x1080,24.0,496,20.67,82,3.42,person,7,7,UNAUTHORIZED,False,,,,,,,,,UNAUTHORIZED
border_cctv.mp4,1920,1080,1920x1080,24.0,496,20.67,83,3.46,person,1,1,AUTHORIZED,False,,,,,,,,,AUTHORIZED
border_cctv.mp4,1920,1080,1920x1080,24.0,496,20.67,83,3.46,vehicle,2,,,,2,1,car,JK02DA7007,0.945,VALID,ALLOWED,VALID,
border_cctv.mp4,1920,1080,1920x1080,24.0,496,20.67,83,3.46,person,7,7,UNAUTHORIZED,False,,,,,,,,,UNAUTHORIZED
border_cctv.mp4,1920,1080,1920x1080,24.0,496,20.67,84,3.5,person,1,1,AUTHORIZED,False,,,,,,,,,AUTHORIZED
border_cctv.mp4,1920,1080,1920x1080,24.0,496,20.67,84,3.5,vehicle,2,,,,2,1,car,JK02DA7007,0.945,VALID,ALLOWED,VALID,
border_cctv.mp4,1920,1080,1920x1080,24.0,496,20.67,84,3.5,person,7,7,UNAUTHORIZED,False,,,,,,,,,UNAUTHORIZED
border_cctv.mp4,1920,1080,1920x1080,24.0,496,20.67,85,3.54,person,1,1,AUTHORIZED,False,,,,,,,,,AUTHORIZED
border_cctv.mp4,1920,1080,1920x1080,24.0,496,20.67,85,3.54,vehicle,2,,,,2,1,car,JK02DA7007,0.945,VALID,ALLOWED,VALID,
border_cctv.mp4,1920,1080,1920x1080,24.0,496,20.67,85,3.54,person,7,7,UNAUTHORIZED,False,,,,,,,,,UNAUTHORIZED
border_cctv.mp4,1920,1080,1920x1080,24.0,496,20.67,86,3.58,person,1,1,AUTHORIZED,False,,,,,,,,,AUTHORIZED
border_cctv.mp4,1920,1080,1920x1080,24.0,496,20.67,86,3.58,vehicle,2,,,,2,1,car,JK02DA7007,0.945,VALID,ALLOWED,VALID,
border_cctv.mp4,1920,1080,1920x1080,24.0,496,20.67,86,3.58,person,7,7,UNAUTHORIZED,False,,,,,,,,,UNAUTHORIZED
border_cctv.mp4,1920,1080,1920x1080,24.0,496,20.67,87,3.62,person,1,1,AUTHORIZED,False,,,,,,,,,AUTHORIZED
border_cctv.mp4,1920,1080,1920x1080,24.0,496,20.67,87,3.62,vehicle,2,,,,2,1,car,JK02DA7007,0.945,VALID,ALLOWED,VALID,
border_cctv.mp4,1920,1080,1920x1080,24.0,496,20.67,87,3.62,person,7,7,UNAUTHORIZED,False,,,,,,,,,UNAUTHORIZED
border_cctv.mp4,1920,1080,1920x1080,24.0,496,20.67,88,3.67,person,1,1,AUTHORIZED,False,,,,,,,,,AUTHORIZED
border_cctv.mp4,1920,1080,1920x1080,24.0,496,20.67,88,3.67,vehicle,2,,,,2,1,car,JK02DA7007,0.945,VALID,ALLOWED,VALID,
border_cctv.mp4,1920,1080,1920x1080,24.0,496,20.67,88,3.67,person,7,7,UNAUTHORIZED,False,,,,,,,,,UNAUTHORIZED
border_cctv.mp4,1920,1080,1920x1080,24.0,496,20.67,89,3.71,person,1,1,AUTHORIZED,False,,,,,,,,,AUTHORIZED
border_cctv.mp4,1920,1080,1920x1080,24.0,496,20.67,89,3.71,vehicle,2,,,,2,1,car,JK02DA7007,0.945,VALID,ALLOWED,VALID,
border_cctv.mp4,1920,1080,1920x1080,24.0,496,20.67,89,3.71,person,7,7,UNAUTHORIZED,False,,,,,,,,,UNAUTHORIZED
border_cctv.mp4,1920,1080,1920x1080,24.0,496,20.67,90,3.75,person,1,1,AUTHORIZED,False,,,,,,,,,AUTHORIZED
border_cctv.mp4,1920,1080,1920x1080,24.0,496,20.67,90,3.75,vehicle,2,,,,2,1,car,JK02DA7007,0.945,VALID,ALLOWED,VALID,
border_cctv.mp4,1920,1080,1920x1080,24.0,496,20.67,90,3.75,person,7,7,UNAUTHORIZED,False,,,,,,,,,UNAUTHORIZED
border_cctv.mp4,1920,1080,1920x1080,24.0,496,20.67,91,3.79,person,1,1,AUTHORIZED,False,,,,,,,,,AUTHORIZED
border_cctv.mp4,1920,1080,1920x1080,24.0,496,20.67,91,3.79,vehicle,2,,,,2,1,car,JK02DA7007,0.945,VALID,ALLOWED,VALID,
border_cctv.mp4,1920,1080,1920x1080,24.0,496,20.67,91,3.79,person,7,7,UNAUTHORIZED,False,,,,,,,,,UNAUTHORIZED
border_cctv.mp4,1920,1080,1920x1080,24.0,496,20.67,92,3.83,person,1,1,AUTHORIZED,False,,,,,,,,,AUTHORIZED
border_cctv.mp4,1920,1080,1920x1080,24.0,496,20.67,92,3.83,vehicle,2,,,,2,1,car,JK02DA7007,0.945,VALID,ALLOWED,VALID,
border_cctv.mp4,1920,1080,1920x1080,24.0,496,20.67,92,3.83,person,7,7,UNAUTHORIZED,False,,,,,,,,,UNAUTHORIZED
border_cctv.mp4,1920,1080,1920x1080,24.0,496,20.67,93,3.88,person,1,1,AUTHORIZED,False,,,,,,,,,AUTHORIZED
border_cctv.mp4,1920,1080,1920x1080,24.0,496,20.67,93,3.88,vehicle,2,,,,2,1,car,JK02DA7007,0.945,VALID,ALLOWED,VALID,
border_cctv.mp4,1920,1080,1920x1080,24.0,496,20.67,93,3.88,person,7,7,UNAUTHORIZED,False,,,,,,,,,UNAUTHORIZED
border_cctv.mp4,1920,1080,1920x1080,24.0,496,20.67,94,3.92,person,1,1,AUTHORIZED,False,,,,,,,,,AUTHORIZED
border_cctv.mp4,1920,1080,1920x1080,24.0,496,20.67,94,3.92,vehicle,2,,,,2,1,car,JK02DA7007,0.945,VALID,ALLOWED,VALID,
border_cctv.mp4,1920,1080,1920x1080,24.0,496,20.67,94,3.92,person,7,7,UNAUTHORIZED,False,,,,,,,,,UNAUTHORIZED
border_cctv.mp4,1920,1080,1920x1080,24.0,496,20.67,95,3.96,person,1,1,AUTHORIZED,False,,,,,,,,,AUTHORIZED
border_cctv.mp4,1920,1080,1920x1080,24.0,496,20.67,95,3.96,vehicle,2,,,,2,1,car,JK02DA7007,0.945,VALID,ALLOWED,VALID,
border_cctv.mp4,1920,1080,1920x1080,24.0,496,20.67,95,3.96,person,7,7,UNAUTHORIZED,False,,,,,,,,,UNAUTHORIZED
border_cctv.mp4,1920,1080,1920x1080,24.0,496,20.67,96,4.0,person,1,1,AUTHORIZED,False,,,,,,,,,AUTHORIZED
border_cctv.mp4,1920,1080,1920x1080,24.0,496,20.67,96,4.0,vehicle,2,,,,2,1,car,JK02DA7007,0.945,VALID,ALLOWED,VALID,
border_cctv.mp4,1920,1080,1920x1080,24.0,496,20.67,96,4.0,person,7,7,UNAUTHORIZED,False,,,,,,,,,UNAUTHORIZED
border_cctv.mp4,1920,1080,1920x1080,24.0,496,20.67,97,4.04,person,1,1,AUTHORIZED,False,,,,,,,,,AUTHORIZED
border_cctv.mp4,1920,1080,1920x1080,24.0,496,20.67,97,4.04,vehicle,2,,,,2,1,car,JK02DA7007,0.945,VALID,ALLOWED,VALID,
border_cctv.mp4,1920,1080,1920x1080,24.0,496,20.67,97,4.04,person,7,7,UNAUTHORIZED,False,,,,,,,,,UNAUTHORIZED
border_cctv.mp4,1920,1080,1920x1080,24.0,496,20.67,98,4.08,person,1,1,AUTHORIZED,False,,,,,,,,,AUTHORIZED
border_cctv.mp4,1920,1080,1920x1080,24.0,496,20.67,98,4.08,vehicle,2,,,,2,1,car,JK02DA7007,0.945,VALID,ALLOWED,VALID,
border_cctv.mp4,1920,1080,1920x1080,24.0,496,20.67,99,4.12,person,1,1,AUTHORIZED,False,,,,,,,,,AUTHORIZED
border_cctv.mp4,1920,1080,1920x1080,24.0,496,20.67,99,4.12,vehicle,2,,,,2,1,car,JK02DA7007,0.945,VALID,ALLOWED,VALID,
border_cctv.mp4,1920,1080,1920x1080,24.0,496,20.67,100,4.17,person,1,1,AUTHORIZED,False,,,,,,,,,AUTHORIZED
border_cctv.mp4,1920,1080,1920x1080,24.0,496,20.67,100,4.17,vehicle,2,,,,2,1,car,JK02DA7007,0.945,VALID,ALLOWED,VALID,
border_cctv.mp4,1920,1080,1920x1080,24.0,496,20.67,101,4.21,person,1,1,AUTHORIZED,False,,,,,,,,,AUTHORIZED
border_cctv.mp4,1920,1080,1920x1080,24.0,496,20.67,101,4.21,vehicle,2,,,,2,1,car,JK02DA7007,0.945,VALID,ALLOWED,VALID,
border_cctv.mp4,1920,1080,1920x1080,24.0,496,20.67,101,4.21,vehicle,13,,,,13,1,car,,0.0,VALID,ALLOWED,VALID,
border_cctv.mp4,1920,1080,1920x1080,24.0,496,20.67,102,4.25,person,1,1,AUTHORIZED,False,,,,,,,,,AUTHORIZED
border_cctv.mp4,1920,1080,1920x1080,24.0,496,20.67,102,4.25,vehicle,2,,,,2,1,car,JK02DA7007,0.945,VALID,ALLOWED,VALID,
border_cctv.mp4,1920,1080,1920x1080,24.0,496,20.67,103,4.29,person,1,1,AUTHORIZED,False,,,,,,,,,AUTHORIZED
border_cctv.mp4,1920,1080,1920x1080,24.0,496,20.67,103,4.29,vehicle,2,,,,2,1,car,JK02DA7007,0.945,VALID,ALLOWED,VALID,
border_cctv.mp4,1920,1080,1920x1080,24.0,496,20.67,104,4.33,person,1,1,AUTHORIZED,False,,,,,,,,,AUTHORIZED
border_cctv.mp4,1920,1080,1920x1080,24.0,496,20.67,104,4.33,vehicle,2,,,,2,1,car,JK02DA7007,0.945,VALID,ALLOWED,VALID,
border_cctv.mp4,1920,1080,1920x1080,24.0,496,20.67,104,4.33,vehicle,14,,,,14,1,truck,,0.0,VALID,ALLOWED,VALID,
border_cctv.mp4,1920,1080,1920x1080,24.0,496,20.67,105,4.38,person,1,1,AUTHORIZED,False,,,,,,,,,AUTHORIZED
border_cctv.mp4,1920,1080,1920x1080,24.0,496,20.67,105,4.38,vehicle,2,,,,2,1,car,JK02DA7007,0.945,VALID,ALLOWED,VALID,
border_cctv.mp4,1920,1080,1920x1080,24.0,496,20.67,106,4.42,person,1,1,AUTHORIZED,False,,,,,,,,,AUTHORIZED
border_cctv.mp4,1920,1080,1920x1080,24.0,496,20.67,106,4.42,vehicle,2,,,,2,1,car,JK02DA7007,0.945,VALID,ALLOWED,VALID,
border_cctv.mp4,1920,1080,1920x1080,24.0,496,20.67,107,4.46,person,1,1,AUTHORIZED,True,,,,,,,,,AUTHORIZED
border_cctv.mp4,1920,1080,1920x1080,24.0,496,20.67,107,4.46,vehicle,2,,,,2,1,car,JK02DA7007,0.945,VALID,ALLOWED,VALID,
border_cctv.mp4,1920,1080,1920x1080,24.0,496,20.67,108,4.5,person,1,1,AUTHORIZED,False,,,,,,,,,AUTHORIZED
border_cctv.mp4,1920,1080,1920x1080,24.0,496,20.67,108,4.5,vehicle,2,,,,2,1,car,JK02DA7007,0.945,VALID,ALLOWED,VALID,
border_cctv.mp4,1920,1080,1920x1080,24.0,496,20.67,108,4.5,vehicle,16,,,,16,1,car,JK02DA7007,0.763,VALID,ALLOWED,VALID,
border_cctv.mp4,1920,1080,1920x1080,24.0,496,20.67,109,4.54,person,1,1,AUTHORIZED,False,,,,,,,,,AUTHORIZED
border_cctv.mp4,1920,1080,1920x1080,24.0,496,20.67,109,4.54,vehicle,2,,,,2,1,car,JK02DA7007,0.945,VALID,ALLOWED,VALID,
border_cctv.mp4,1920,1080,1920x1080,24.0,496,20.67,110,4.58,person,1,1,AUTHORIZED,False,,,,,,,,,AUTHORIZED
border_cctv.mp4,1920,1080,1920x1080,24.0,496,20.67,110,4.58,vehicle,2,,,,2,1,car,JK02DA7007,0.945,VALID,ALLOWED,VALID,
border_cctv.mp4,1920,1080,1920x1080,24.0,496,20.67,111,4.62,person,1,1,AUTHORIZED,False,,,,,,,,,AUTHORIZED
border_cctv.mp4,1920,1080,1920x1080,24.0,496,20.67,111,4.62,vehicle,2,,,,2,1,car,JK02DA7007,0.923,VALID,ALLOWED,VALID,
border_cctv.mp4,1920,1080,1920x1080,24.0,496,20.67,112,4.67,person,1,1,AUTHORIZED,False,,,,,,,,,AUTHORIZED
border_cctv.mp4,1920,1080,1920x1080,24.0,496,20.67,112,4.67,vehicle,2,,,,2,1,car,JK02DA7007,0.923,VALID,ALLOWED,VALID,
border_cctv.mp4,1920,1080,1920x1080,24.0,496,20.67,113,4.71,person,1,1,AUTHORIZED,False,,,,,,,,,AUTHORIZED
border_cctv.mp4,1920,1080,1920x1080,24.0,496,20.67,113,4.71,vehicle,2,,,,2,1,car,JK02DA7007,0.923,VALID,ALLOWED,VALID,
border_cctv.mp4,1920,1080,1920x1080,24.0,496,20.67,114,4.75,person,1,1,AUTHORIZED,False,,,,,,,,,AUTHORIZED
border_cctv.mp4,1920,1080,1920x1080,24.0,496,20.67,114,4.75,vehicle,2,,,,2,1,car,JK02DA7007,0.923,VALID,ALLOWED,VALID,
border_cctv.mp4,1920,1080,1920x1080,24.0,496,20.67,115,4.79,person,1,1,AUTHORIZED,False,,,,,,,,,AUTHORIZED
border_cctv.mp4,1920,1080,1920x1080,24.0,496,20.67,115,4.79,vehicle,2,,,,2,1,car,JK02DA7007,0.923,VALID,ALLOWED,VALID,
border_cctv.mp4,1920,1080,1920x1080,24.0,496,20.67,115,4.79,vehicle,16,,,,16,1,truck,JK02DA7007,0.763,VALID,ALLOWED,VALID,
border_cctv.mp4,1920,1080,1920x1080,24.0,496,20.67,116,4.83,person,1,1,AUTHORIZED,False,,,,,,,,,AUTHORIZED
border_cctv.mp4,1920,1080,1920x1080,24.0,496,20.67,116,4.83,vehicle,2,,,,2,1,car,JK02DA7007,0.923,VALID,ALLOWED,VALID,
border_cctv.mp4,1920,1080,1920x1080,24.0,496,20.67,116,4.83,vehicle,16,,,,16,1,car,JK02DA7007,0.763,VALID,ALLOWED,VALID,
border_cctv.mp4,1920,1080,1920x1080,24.0,496,20.67,117,4.88,person,1,1,AUTHORIZED,False,,,,,,,,,AUTHORIZED
border_cctv.mp4,1920,1080,1920x1080,24.0,496,20.67,118,4.92,person,1,1,AUTHORIZED,False,,,,,,,,,AUTHORIZED
border_cctv.mp4,1920,1080,1920x1080,24.0,496,20.67,118,4.92,vehicle,2,,,,2,1,car,JK02DA7007,0.923,VALID,ALLOWED,VALID,
border_cctv.mp4,1920,1080,1920x1080,24.0,496,20.67,119,4.96,person,1,1,AUTHORIZED,False,,,,,,,,,AUTHORIZED
border_cctv.mp4,1920,1080,1920x1080,24.0,496,20.67,119,4.96,vehicle,2,,,,2,1,car,JK02DA7007,0.923,VALID,ALLOWED,VALID,
border_cctv.mp4,1920,1080,1920x1080,24.0,496,20.67,120,5.0,person,1,1,AUTHORIZED,False,,,,,,,,,AUTHORIZED
border_cctv.mp4,1920,1080,1920x1080,24.0,496,20.67,120,5.0,vehicle,2,,,,2,1,car,JK02DA7007,0.923,VALID,ALLOWED,VALID,
border_cctv.mp4,1920,1080,1920x1080,24.0,496,20.67,121,5.04,person,1,1,AUTHORIZED,False,,,,,,,,,AUTHORIZED
border_cctv.mp4,1920,1080,1920x1080,24.0,496,20.67,121,5.04,vehicle,2,,,,2,1,car,JK02DA7007,0.923,VALID,ALLOWED,VALID,
border_cctv.mp4,1920,1080,1920x1080,24.0,496,20.67,121,5.04,person,19,19,UNAUTHORIZED,False,,,,,,,,,UNAUTHORIZED
border_cctv.mp4,1920,1080,1920x1080,24.0,496,20.67,122,5.08,person,1,1,AUTHORIZED,False,,,,,,,,,AUTHORIZED
border_cctv.mp4,1920,1080,1920x1080,24.0,496,20.67,122,5.08,vehicle,2,,,,2,1,car,JK02DA7007,0.923,VALID,ALLOWED,VALID,
border_cctv.mp4,1920,1080,1920x1080,24.0,496,20.67,122,5.08,person,19,19,UNAUTHORIZED,False,,,,,,,,,UNAUTHORIZED
border_cctv.mp4,1920,1080,1920x1080,24.0,496,20.67,123,5.12,person,1,1,AUTHORIZED,True,,,,,,,,,AUTHORIZED
border_cctv.mp4,1920,1080,1920x1080,24.0,496,20.67,123,5.12,vehicle,2,,,,2,1,car,JK02DA7007,0.923,VALID,ALLOWED,VALID,
border_cctv.mp4,1920,1080,1920x1080,24.0,496,20.67,123,5.12,person,19,19,UNAUTHORIZED,False,,,,,,,,,UNAUTHORIZED
border_cctv.mp4,1920,1080,1920x1080,24.0,496,20.67,124,5.17,person,1,1,AUTHORIZED,False,,,,,,,,,AUTHORIZED
border_cctv.mp4,1920,1080,1920x1080,24.0,496,20.67,124,5.17,vehicle,2,,,,2,1,car,JK02DA7007,0.923,VALID,ALLOWED,VALID,
border_cctv.mp4,1920,1080,1920x1080,24.0,496,20.67,125,5.21,person,1,1,AUTHORIZED,True,,,,,,,,,AUTHORIZED
border_cctv.mp4,1920,1080,1920x1080,24.0,496,20.67,125,5.21,vehicle,2,,,,2,1,car,JK02DA7007,0.923,VALID,ALLOWED,VALID,
border_cctv.mp4,1920,1080,1920x1080,24.0,496,20.67,126,5.25,person,1,1,AUTHORIZED,True,,,,,,,,,AUTHORIZED
border_cctv.mp4,1920,1080,1920x1080,24.0,496,20.67,126,5.25,vehicle,2,,,,2,1,car,JK02DA7007,0.923,VALID,ALLOWED,VALID,
border_cctv.mp4,1920,1080,1920x1080,24.0,496,20.67,126,5.25,vehicle,21,,,,21,1,truck,,0.0,VALID,ALLOWED,VALID,
border_cctv.mp4,1920,1080,1920x1080,24.0,496,20.67,127,5.29,person,1,1,AUTHORIZED,True,,,,,,,,,AUTHORIZED
border_cctv.mp4,1920,1080,1920x1080,24.0,496,20.67,127,5.29,vehicle,2,,,,2,1,car,JK02DA7007,0.923,VALID,ALLOWED,VALID,
border_cctv.mp4,1920,1080,1920x1080,24.0,496,20.67,128,5.33,person,1,1,AUTHORIZED,True,,,,,,,,,AUTHORIZED
border_cctv.mp4,1920,1080,1920x1080,24.0,496,20.67,128,5.33,vehicle,2,,,,2,1,car,JK02DA7007,0.923,VALID,ALLOWED,VALID,
border_cctv.mp4,1920,1080,1920x1080,24.0,496,20.67,128,5.33,person,19,19,UNAUTHORIZED,False,,,,,,,,,UNAUTHORIZED
border_cctv.mp4,1920,1080,1920x1080,24.0,496,20.67,129,5.38,person,1,1,AUTHORIZED,True,,,,,,,,,AUTHORIZED
border_cctv.mp4,1920,1080,1920x1080,24.0,496,20.67,129,5.38,vehicle,2,,,,2,1,car,JK02DA7007,0.923,VALID,ALLOWED,VALID,
border_cctv.mp4,1920,1080,1920x1080,24.0,496,20.67,129,5.38,person,19,19,UNAUTHORIZED,False,,,,,,,,,UNAUTHORIZED
border_cctv.mp4,1920,1080,1920x1080,24.0,496,20.67,130,5.42,person,1,1,AUTHORIZED,True,,,,,,,,,AUTHORIZED
border_cctv.mp4,1920,1080,1920x1080,24.0,496,20.67,130,5.42,vehicle,2,,,,2,1,car,JK02DA7007,0.923,VALID,ALLOWED,VALID,
border_cctv.mp4,1920,1080,1920x1080,24.0,496,20.67,131,5.46,person,1,1,AUTHORIZED,True,,,,,,,,,AUTHORIZED
border_cctv.mp4,1920,1080,1920x1080,24.0,496,20.67,131,5.46,vehicle,2,,,,2,1,car,JK02DA7007,0.923,VALID,ALLOWED,VALID,
border_cctv.mp4,1920,1080,1920x1080,24.0,496,20.67,131,5.46,person,19,19,UNAUTHORIZED,False,,,,,,,,,UNAUTHORIZED
border_cctv.mp4,1920,1080,1920x1080,24.0,496,20.67,132,5.5,person,1,1,AUTHORIZED,True,,,,,,,,,AUTHORIZED
border_cctv.mp4,1920,1080,1920x1080,24.0,496,20.67,132,5.5,vehicle,2,,,,2,1,car,JK02DA7007,0.923,VALID,ALLOWED,VALID,
border_cctv.mp4,1920,1080,1920x1080,24.0,496,20.67,132,5.5,person,19,19,UNAUTHORIZED,False,,,,,,,,,UNAUTHORIZED
border_cctv.mp4,1920,1080,1920x1080,24.0,496,20.67,133,5.54,person,1,1,AUTHORIZED,True,,,,,,,,,AUTHORIZED
border_cctv.mp4,1920,1080,1920x1080,24.0,496,20.67,133,5.54,vehicle,2,,,,2,1,car,JK02DA7007,0.923,VALID,ALLOWED,VALID,
border_cctv.mp4,1920,1080,1920x1080,24.0,496,20.67,134,5.58,person,1,1,AUTHORIZED,True,,,,,,,,,AUTHORIZED
border_cctv.mp4,1920,1080,1920x1080,24.0,496,20.67,134,5.58,vehicle,2,,,,2,1,car,JK02DA7007,0.923,VALID,ALLOWED,VALID,
border_cctv.mp4,1920,1080,1920x1080,24.0,496,20.67,135,5.62,person,1,1,AUTHORIZED,True,,,,,,,,,AUTHORIZED
border_cctv.mp4,1920,1080,1920x1080,24.0,496,20.67,135,5.62,vehicle,2,,,,2,1,car,JK02DA7007,0.923,VALID,ALLOWED,VALID,
border_cctv.mp4,1920,1080,1920x1080,24.0,496,20.67,136,5.67,person,1,1,AUTHORIZED,True,,,,,,,,,AUTHORIZED
border_cctv.mp4,1920,1080,1920x1080,24.0,496,20.67,136,5.67,vehicle,2,,,,2,1,car,JK02DA7007,0.923,VALID,ALLOWED,VALID,
border_cctv.mp4,1920,1080,1920x1080,24.0,496,20.67,136,5.67,person,19,19,UNAUTHORIZED,False,,,,,,,,,UNAUTHORIZED
border_cctv.mp4,1920,1080,1920x1080,24.0,496,20.67,137,5.71,person,1,1,AUTHORIZED,True,,,,,,,,,AUTHORIZED
border_cctv.mp4,1920,1080,1920x1080,24.0,496,20.67,137,5.71,vehicle,2,,,,2,1,car,JK02DA7007,0.923,VALID,ALLOWED,VALID,
border_cctv.mp4,1920,1080,1920x1080,24.0,496,20.67,137,5.71,person,19,19,UNAUTHORIZED,False,,,,,,,,,UNAUTHORIZED
border_cctv.mp4,1920,1080,1920x1080,24.0,496,20.67,138,5.75,person,1,1,AUTHORIZED,True,,,,,,,,,AUTHORIZED
border_cctv.mp4,1920,1080,1920x1080,24.0,496,20.67,138,5.75,vehicle,2,,,,2,1,car,JK02DA7007,0.923,VALID,ALLOWED,VALID,
border_cctv.mp4,1920,1080,1920x1080,24.0,496,20.67,138,5.75,person,19,19,UNAUTHORIZED,False,,,,,,,,,UNAUTHORIZED
border_cctv.mp4,1920,1080,1920x1080,24.0,496,20.67,139,5.79,person,1,1,AUTHORIZED,True,,,,,,,,,AUTHORIZED
border_cctv.mp4,1920,1080,1920x1080,24.0,496,20.67,139,5.79,vehicle,2,,,,2,1,car,JK02DA7007,0.923,VALID,ALLOWED,VALID,
border_cctv.mp4,1920,1080,1920x1080,24.0,496,20.67,139,5.79,person,19,19,UNAUTHORIZED,False,,,,,,,,,UNAUTHORIZED
border_cctv.mp4,1920,1080,1920x1080,24.0,496,20.67,140,5.83,person,1,1,AUTHORIZED,True,,,,,,,,,AUTHORIZED
border_cctv.mp4,1920,1080,1920x1080,24.0,496,20.67,140,5.83,vehicle,2,,,,2,1,car,JK02DA7007,0.923,VALID,ALLOWED,VALID,
border_cctv.mp4,1920,1080,1920x1080,24.0,496,20.67,140,5.83,person,19,19,UNAUTHORIZED,False,,,,,,,,,UNAUTHORIZED
border_cctv.mp4,1920,1080,1920x1080,24.0,496,20.67,141,5.88,person,1,1,AUTHORIZED,True,,,,,,,,,AUTHORIZED
border_cctv.mp4,1920,1080,1920x1080,24.0,496,20.67,141,5.88,vehicle,2,,,,2,1,car,JK02DA7007,0.923,VALID,ALLOWED,VALID,
border_cctv.mp4,1920,1080,1920x1080,24.0,496,20.67,142,5.92,person,1,1,AUTHORIZED,True,,,,,,,,,AUTHORIZED
border_cctv.mp4,1920,1080,1920x1080,24.0,496,20.67,142,5.92,vehicle,2,,,,2,1,car,JK02DA7007,0.923,VALID,ALLOWED,VALID,
border_cctv.mp4,1920,1080,1920x1080,24.0,496,20.67,143,5.96,person,1,1,AUTHORIZED,True,,,,,,,,,AUTHORIZED
border_cctv.mp4,1920,1080,1920x1080,24.0,496,20.67,143,5.96,vehicle,2,,,,2,1,car,JK02DA7007,0.923,VALID,ALLOWED,VALID,
border_cctv.mp4,1920,1080,1920x1080,24.0,496,20.67,143,5.96,person,22,22,UNAUTHORIZED,False,,,,,,,,,UNAUTHORIZED
border_cctv.mp4,1920,1080,1920x1080,24.0,496,20.67,144,6.0,person,1,1,AUTHORIZED,True,,,,,,,,,AUTHORIZED
border_cctv.mp4,1920,1080,1920x1080,24.0,496,20.67,144,6.0,vehicle,2,,,,2,1,car,JK02DA7007,0.923,VALID,ALLOWED,VALID,
border_cctv.mp4,1920,1080,1920x1080,24.0,496,20.67,145,6.04,person,1,1,AUTHORIZED,True,,,,,,,,,AUTHORIZED
border_cctv.mp4,1920,1080,1920x1080,24.0,496,20.67,145,6.04,vehicle,2,,,,2,1,car,JK02DA7007,0.923,VALID,ALLOWED,VALID,
border_cctv.mp4,1920,1080,1920x1080,24.0,496,20.67,145,6.04,person,19,19,UNAUTHORIZED,False,,,,,,,,,UNAUTHORIZED
border_cctv.mp4,1920,1080,1920x1080,24.0,496,20.67,146,6.08,person,1,1,AUTHORIZED,False,,,,,,,,,AUTHORIZED
border_cctv.mp4,1920,1080,1920x1080,24.0,496,20.67,146,6.08,vehicle,2,,,,2,1,car,JK02DA7007,0.923,VALID,ALLOWED,VALID,
border_cctv.mp4,1920,1080,1920x1080,24.0,496,20.67,147,6.12,person,1,1,AUTHORIZED,True,,,,,,,,,AUTHORIZED
border_cctv.mp4,1920,1080,1920x1080,24.0,496,20.67,147,6.12,vehicle,2,,,,2,1,car,JK02DA7007,0.923,VALID,ALLOWED,VALID,
border_cctv.mp4,1920,1080,1920x1080,24.0,496,20.67,147,6.12,person,19,19,UNAUTHORIZED,False,,,,,,,,,UNAUTHORIZED
border_cctv.mp4,1920,1080,1920x1080,24.0,496,20.67,148,6.17,person,1,1,AUTHORIZED,True,,,,,,,,,AUTHORIZED
border_cctv.mp4,1920,1080,1920x1080,24.0,496,20.67,148,6.17,vehicle,2,,,,2,1,car,JK02DA7007,0.923,VALID,ALLOWED,VALID,
border_cctv.mp4,1920,1080,1920x1080,24.0,496,20.67,149,6.21,person,1,1,AUTHORIZED,False,,,,,,,,,AUTHORIZED
border_cctv.mp4,1920,1080,1920x1080,24.0,496,20.67,149,6.21,vehicle,2,,,,2,1,car,JK02DA7007,0.923,VALID,ALLOWED,VALID,
border_cctv.mp4,1920,1080,1920x1080,24.0,496,20.67,149,6.21,person,19,19,UNAUTHORIZED,False,,,,,,,,,UNAUTHORIZED
border_cctv.mp4,1920,1080,1920x1080,24.0,496,20.67,150,6.25,person,1,1,AUTHORIZED,True,,,,,,,,,AUTHORIZED
border_cctv.mp4,1920,1080,1920x1080,24.0,496,20.67,150,6.25,vehicle,2,,,,2,1,car,JK02DA7007,0.923,VALID,ALLOWED,VALID,
border_cctv.mp4,1920,1080,1920x1080,24.0,496,20.67,150,6.25,person,19,19,UNAUTHORIZED,False,,,,,,,,,UNAUTHORIZED
border_cctv.mp4,1920,1080,1920x1080,24.0,496,20.67,151,6.29,person,1,1,AUTHORIZED,True,,,,,,,,,AUTHORIZED
border_cctv.mp4,1920,1080,1920x1080,24.0,496,20.67,151,6.29,vehicle,2,,,,2,1,car,JK02DA7007,0.923,VALID,ALLOWED,VALID,
border_cctv.mp4,1920,1080,1920x1080,24.0,496,20.67,151,6.29,person,19,19,UNAUTHORIZED,False,,,,,,,,,UNAUTHORIZED
border_cctv.mp4,1920,1080,1920x1080,24.0,496,20.67,152,6.33,person,1,1,AUTHORIZED,True,,,,,,,,,AUTHORIZED
border_cctv.mp4,1920,1080,1920x1080,24.0,496,20.67,152,6.33,vehicle,2,,,,2,1,car,JK02DA7007,0.923,VALID,ALLOWED,VALID,
border_cctv.mp4,1920,1080,1920x1080,24.0,496,20.67,152,6.33,person,19,19,UNAUTHORIZED,False,,,,,,,,,UNAUTHORIZED
border_cctv.mp4,1920,1080,1920x1080,24.0,496,20.67,153,6.38,person,1,1,AUTHORIZED,True,,,,,,,,,AUTHORIZED
border_cctv.mp4,1920,1080,1920x1080,24.0,496,20.67,153,6.38,vehicle,2,,,,2,1,car,JK02DA7007,0.923,VALID,ALLOWED,VALID,
border_cctv.mp4,1920,1080,1920x1080,24.0,496,20.67,153,6.38,person,19,19,UNAUTHORIZED,False,,,,,,,,,UNAUTHORIZED
border_cctv.mp4,1920,1080,1920x1080,24.0,496,20.67,154,6.42,person,1,1,AUTHORIZED,True,,,,,,,,,AUTHORIZED
border_cctv.mp4,1920,1080,1920x1080,24.0,496,20.67,154,6.42,vehicle,2,,,,2,1,car,JK02DA7007,0.923,VALID,ALLOWED,VALID,
border_cctv.mp4,1920,1080,1920x1080,24.0,496,20.67,154,6.42,person,19,19,UNAUTHORIZED,False,,,,,,,,,UNAUTHORIZED
border_cctv.mp4,1920,1080,1920x1080,24.0,496,20.67,155,6.46,person,1,1,AUTHORIZED,True,,,,,,,,,AUTHORIZED
border_cctv.mp4,1920,1080,1920x1080,24.0,496,20.67,155,6.46,person,19,19,UNAUTHORIZED,False,,,,,,,,,UNAUTHORIZED
border_cctv.mp4,1920,1080,1920x1080,24.0,496,20.67,156,6.5,person,1,1,AUTHORIZED,True,,,,,,,,,AUTHORIZED
border_cctv.mp4,1920,1080,1920x1080,24.0,496,20.67,156,6.5,person,19,19,UNAUTHORIZED,False,,,,,,,,,UNAUTHORIZED
border_cctv.mp4,1920,1080,1920x1080,24.0,496,20.67,156,6.5,vehicle,2,,,,2,1,car,JK02DA7007,0.923,VALID,ALLOWED,VALID,
border_cctv.mp4,1920,1080,1920x1080,24.0,496,20.67,157,6.54,person,1,1,AUTHORIZED,True,,,,,,,,,AUTHORIZED
border_cctv.mp4,1920,1080,1920x1080,24.0,496,20.67,157,6.54,person,19,19,UNAUTHORIZED,False,,,,,,,,,UNAUTHORIZED
border_cctv.mp4,1920,1080,1920x1080,24.0,496,20.67,157,6.54,vehicle,2,,,,2,1,car,JK02DA7007,0.923,VALID,ALLOWED,VALID,
border_cctv.mp4,1920,1080,1920x1080,24.0,496,20.67,158,6.58,person,1,1,AUTHORIZED,True,,,,,,,,,AUTHORIZED
border_cctv.mp4,1920,1080,1920x1080,24.0,496,20.67,158,6.58,person,19,19,UNAUTHORIZED,False,,,,,,,,,UNAUTHORIZED
border_cctv.mp4,1920,1080,1920x1080,24.0,496,20.67,158,6.58,vehicle,2,,,,2,1,car,JK02DA7007,0.923,VALID,ALLOWED,VALID,
border_cctv.mp4,1920,1080,1920x1080,24.0,496,20.67,159,6.62,person,1,1,AUTHORIZED,True,,,,,,,,,AUTHORIZED
border_cctv.mp4,1920,1080,1920x1080,24.0,496,20.67,159,6.62,person,19,19,UNAUTHORIZED,False,,,,,,,,,UNAUTHORIZED
border_cctv.mp4,1920,1080,1920x1080,24.0,496,20.67,159,6.62,vehicle,2,,,,2,1,car,JK02DA7007,0.923,VALID,ALLOWED,VALID,
border_cctv.mp4,1920,1080,1920x1080,24.0,496,20.67,160,6.67,person,1,1,AUTHORIZED,True,,,,,,,,,AUTHORIZED
border_cctv.mp4,1920,1080,1920x1080,24.0,496,20.67,160,6.67,person,19,19,UNAUTHORIZED,False,,,,,,,,,UNAUTHORIZED
border_cctv.mp4,1920,1080,1920x1080,24.0,496,20.67,160,6.67,vehicle,2,,,,2,1,car,JK02DA7007,0.923,VALID,ALLOWED,VALID,
border_cctv.mp4,1920,1080,1920x1080,24.0,496,20.67,161,6.71,person,1,1,AUTHORIZED,True,,,,,,,,,AUTHORIZED
border_cctv.mp4,1920,1080,1920x1080,24.0,496,20.67,161,6.71,person,19,19,UNAUTHORIZED,False,,,,,,,,,UNAUTHORIZED
border_cctv.mp4,1920,1080,1920x1080,24.0,496,20.67,161,6.71,vehicle,2,,,,2,1,car,JK02DA7007,0.923,VALID,ALLOWED,VALID,
border_cctv.mp4,1920,1080,1920x1080,24.0,496,20.67,162,6.75,person,1,1,AUTHORIZED,True,,,,,,,,,AUTHORIZED
border_cctv.mp4,1920,1080,1920x1080,24.0,496,20.67,162,6.75,vehicle,2,,,,2,1,car,JK02DA7007,0.923,VALID,ALLOWED,VALID,
border_cctv.mp4,1920,1080,1920x1080,24.0,496,20.67,163,6.79,person,1,1,AUTHORIZED,True,,,,,,,,,AUTHORIZED
border_cctv.mp4,1920,1080,1920x1080,24.0,496,20.67,163,6.79,vehicle,2,,,,2,1,car,JK02DA7007,0.923,VALID,ALLOWED,VALID,
border_cctv.mp4,1920,1080,1920x1080,24.0,496,20.67,164,6.83,person,1,1,AUTHORIZED,True,,,,,,,,,AUTHORIZED
border_cctv.mp4,1920,1080,1920x1080,24.0,496,20.67,164,6.83,vehicle,2,,,,2,1,car,JK02DA7007,0.923,VALID,ALLOWED,VALID,
border_cctv.mp4,1920,1080,1920x1080,24.0,496,20.67,165,6.88,person,1,1,AUTHORIZED,False,,,,,,,,,AUTHORIZED
border_cctv.mp4,1920,1080,1920x1080,24.0,496,20.67,165,6.88,vehicle,2,,,,2,1,car,JK02DA7007,0.923,VALID,ALLOWED,VALID,
border_cctv.mp4,1920,1080,1920x1080,24.0,496,20.67,166,6.92,person,1,1,AUTHORIZED,False,,,,,,,,,AUTHORIZED
border_cctv.mp4,1920,1080,1920x1080,24.0,496,20.67,166,6.92,vehicle,2,,,,2,1,car,JK02DA7007,0.923,VALID,ALLOWED,VALID,
border_cctv.mp4,1920,1080,1920x1080,24.0,496,20.67,167,6.96,person,1,1,AUTHORIZED,False,,,,,,,,,AUTHORIZED
border_cctv.mp4,1920,1080,1920x1080,24.0,496,20.67,167,6.96,vehicle,2,,,,2,1,car,JK02DA7007,0.923,VALID,ALLOWED,VALID,
border_cctv.mp4,1920,1080,1920x1080,24.0,496,20.67,167,6.96,vehicle,25,,,,25,2,car,,0.0,VALID,ALLOWED,VALID,
border_cctv.mp4,1920,1080,1920x1080,24.0,496,20.67,168,7.0,person,1,1,AUTHORIZED,False,,,,,,,,,AUTHORIZED
border_cctv.mp4,1920,1080,1920x1080,24.0,496,20.67,168,7.0,vehicle,2,,,,2,1,car,JK02DA7007,0.923,VALID,ALLOWED,VALID,
border_cctv.mp4,1920,1080,1920x1080,24.0,496,20.67,168,7.0,vehicle,25,,,,25,2,car,AUIHOF,0.45,VALID,ALLOWED,VALID,
border_cctv.mp4,1920,1080,1920x1080,24.0,496,20.67,169,7.04,person,1,1,AUTHORIZED,False,,,,,,,,,AUTHORIZED
border_cctv.mp4,1920,1080,1920x1080,24.0,496,20.67,169,7.04,vehicle,2,,,,2,1,car,JK02DA7007,0.923,VALID,ALLOWED,VALID,
border_cctv.mp4,1920,1080,1920x1080,24.0,496,20.67,169,7.04,vehicle,25,,,,25,2,car,AUIHOF,0.45,VALID,ALLOWED,VALID,
border_cctv.mp4,1920,1080,1920x1080,24.0,496,20.67,170,7.08,person,1,1,AUTHORIZED,False,,,,,,,,,AUTHORIZED
border_cctv.mp4,1920,1080,1920x1080,24.0,496,20.67,170,7.08,vehicle,2,,,,2,1,car,JK02DA7007,0.923,VALID,ALLOWED,VALID,
border_cctv.mp4,1920,1080,1920x1080,24.0,496,20.67,170,7.08,vehicle,25,,,,25,2,car,AUIHOF,0.45,VALID,ALLOWED,VALID,
border_cctv.mp4,1920,1080,1920x1080,24.0,496,20.67,171,7.12,person,1,1,AUTHORIZED,False,,,,,,,,,AUTHORIZED
border_cctv.mp4,1920,1080,1920x1080,24.0,496,20.67,171,7.12,vehicle,2,,,,2,1,car,JK02DA7007,0.923,VALID,ALLOWED,VALID,
border_cctv.mp4,1920,1080,1920x1080,24.0,496,20.67,172,7.17,person,1,1,AUTHORIZED,False,,,,,,,,,AUTHORIZED
border_cctv.mp4,1920,1080,1920x1080,24.0,496,20.67,172,7.17,vehicle,2,,,,2,1,car,JK02DA7007,0.923,VALID,ALLOWED,VALID,
border_cctv.mp4,1920,1080,1920x1080,24.0,496,20.67,173,7.21,person,1,1,AUTHORIZED,False,,,,,,,,,AUTHORIZED
border_cctv.mp4,1920,1080,1920x1080,24.0,496,20.67,173,7.21,vehicle,2,,,,2,1,car,JK02DA7007,0.923,VALID,ALLOWED,VALID,
border_cctv.mp4,1920,1080,1920x1080,24.0,496,20.67,173,7.21,vehicle,25,,,,25,2,car,AUIHOF,0.45,VALID,ALLOWED,VALID,
border_cctv.mp4,1920,1080,1920x1080,24.0,496,20.67,174,7.25,person,1,1,AUTHORIZED,False,,,,,,,,,AUTHORIZED
border_cctv.mp4,1920,1080,1920x1080,24.0,496,20.67,174,7.25,vehicle,2,,,,2,1,car,JK02DA7007,0.923,VALID,ALLOWED,VALID,
border_cctv.mp4,1920,1080,1920x1080,24.0,496,20.67,174,7.25,vehicle,25,,,,25,2,car,AUIHOF,0.45,VALID,ALLOWED,VALID,
border_cctv.mp4,1920,1080,1920x1080,24.0,496,20.67,175,7.29,person,1,1,AUTHORIZED,True,,,,,,,,,AUTHORIZED
border_cctv.mp4,1920,1080,1920x1080,24.0,496,20.67,175,7.29,vehicle,2,,,,2,1,car,JK02DA7007,0.923,VALID,ALLOWED,VALID,
border_cctv.mp4,1920,1080,1920x1080,24.0,496,20.67,175,7.29,vehicle,25,,,,25,2,car,AUIHOF,0.45,VALID,ALLOWED,VALID,
border_cctv.mp4,1920,1080,1920x1080,24.0,496,20.67,176,7.33,person,1,1,AUTHORIZED,False,,,,,,,,,AUTHORIZED
border_cctv.mp4,1920,1080,1920x1080,24.0,496,20.67,176,7.33,vehicle,2,,,,2,1,car,JK02DA7007,0.923,VALID,ALLOWED,VALID,
border_cctv.mp4,1920,1080,1920x1080,24.0,496,20.67,176,7.33,vehicle,25,,,,25,2,car,AUIHOF,0.45,VALID,ALLOWED,VALID,
border_cctv.mp4,1920,1080,1920x1080,24.0,496,20.67,177,7.38,person,1,1,AUTHORIZED,False,,,,,,,,,AUTHORIZED
border_cctv.mp4,1920,1080,1920x1080,24.0,496,20.67,177,7.38,vehicle,2,,,,2,1,car,JK02DA7007,0.923,VALID,ALLOWED,VALID,
border_cctv.mp4,1920,1080,1920x1080,24.0,496,20.67,177,7.38,vehicle,25,,,,25,2,car,AUIHOF,0.45,VALID,ALLOWED,VALID,
border_cctv.mp4,1920,1080,1920x1080,24.0,496,20.67,178,7.42,person,1,1,AUTHORIZED,False,,,,,,,,,AUTHORIZED
border_cctv.mp4,1920,1080,1920x1080,24.0,496,20.67,178,7.42,vehicle,2,,,,2,1,car,JK02DA7007,0.923,VALID,ALLOWED,VALID,
border_cctv.mp4,1920,1080,1920x1080,24.0,496,20.67,178,7.42,vehicle,25,,,,25,2,car,AUIHOF,0.45,VALID,ALLOWED,VALID,
border_cctv.mp4,1920,1080,1920x1080,24.0,496,20.67,179,7.46,person,1,1,AUTHORIZED,False,,,,,,,,,AUTHORIZED
border_cctv.mp4,1920,1080,1920x1080,24.0,496,20.67,179,7.46,vehicle,25,,,,25,2,car,AUIHOF,0.45,VALID,ALLOWED,VALID,
border_cctv.mp4,1920,1080,1920x1080,24.0,496,20.67,180,7.5,person,1,1,AUTHORIZED,False,,,,,,,,,AUTHORIZED
border_cctv.mp4,1920,1080,1920x1080,24.0,496,20.67,180,7.5,vehicle,25,,,,25,2,car,AUIHOF,0.45,VALID,ALLOWED,VALID,
border_cctv.mp4,1920,1080,1920x1080,24.0,496,20.67,180,7.5,vehicle,27,,,,27,2,car,,0.0,VALID,ALLOWED,VALID,
border_cctv.mp4,1920,1080,1920x1080,24.0,496,20.67,180,7.5,vehicle,2,,,,2,1,car,JK02DA7007,0.923,VALID,ALLOWED,VALID,
border_cctv.mp4,1920,1080,1920x1080,24.0,496,20.67,181,7.54,person,1,1,AUTHORIZED,True,,,,,,,,,AUTHORIZED
border_cctv.mp4,1920,1080,1920x1080,24.0,496,20.67,181,7.54,vehicle,25,,,,25,2,car,AUIHOF,0.45,VALID,ALLOWED,VALID,
border_cctv.mp4,1920,1080,1920x1080,24.0,496,20.67,181,7.54,vehicle,27,,,,27,2,car,,0.0,VALID,ALLOWED,VALID,
border_cctv.mp4,1920,1080,1920x1080,24.0,496,20.67,181,7.54,vehicle,2,,,,2,1,car,JK02DA7007,0.923,VALID,ALLOWED,VALID,
border_cctv.mp4,1920,1080,1920x1080,24.0,496,20.67,182,7.58,person,1,1,AUTHORIZED,False,,,,,,,,,AUTHORIZED
border_cctv.mp4,1920,1080,1920x1080,24.0,496,20.67,182,7.58,vehicle,25,,,,25,2,car,AUIHOF,0.45,VALID,ALLOWED,VALID,
border_cctv.mp4,1920,1080,1920x1080,24.0,496,20.67,182,7.58,vehicle,2,,,,2,1,car,JK02DA7007,0.923,VALID,ALLOWED,VALID,
border_cctv.mp4,1920,1080,1920x1080,24.0,496,20.67,183,7.62,person,1,1,AUTHORIZED,True,,,,,,,,,AUTHORIZED
border_cctv.mp4,1920,1080,1920x1080,24.0,496,20.67,183,7.62,vehicle,25,,,,25,2,car,AUIHOF,0.45,VALID,ALLOWED,VALID,
border_cctv.mp4,1920,1080,1920x1080,24.0,496,20.67,184,7.67,person,1,1,AUTHORIZED,True,,,,,,,,,AUTHORIZED
border_cctv.mp4,1920,1080,1920x1080,24.0,496,20.67,184,7.67,vehicle,25,,,,25,2,car,AUIHOF,0.45,VALID,ALLOWED,VALID,
border_cctv.mp4,1920,1080,1920x1080,24.0,496,20.67,185,7.71,person,1,1,AUTHORIZED,True,,,,,,,,,AUTHORIZED
border_cctv.mp4,1920,1080,1920x1080,24.0,496,20.67,185,7.71,vehicle,25,,,,25,2,car,AUIHOF,0.45,VALID,ALLOWED,VALID,
border_cctv.mp4,1920,1080,1920x1080,24.0,496,20.67,185,7.71,vehicle,2,,,,2,1,car,JK02DA7007,0.923,VALID,ALLOWED,VALID,
border_cctv.mp4,1920,1080,1920x1080,24.0,496,20.67,186,7.75,person,1,1,AUTHORIZED,False,,,,,,,,,AUTHORIZED
border_cctv.mp4,1920,1080,1920x1080,24.0,496,20.67,186,7.75,vehicle,2,,,,2,1,car,JK02DA7007,0.923,VALID,ALLOWED,VALID,
border_cctv.mp4,1920,1080,1920x1080,24.0,496,20.67,187,7.79,person,1,1,AUTHORIZED,False,,,,,,,,,AUTHORIZED
border_cctv.mp4,1920,1080,1920x1080,24.0,496,20.67,187,7.79,vehicle,25,,,,25,2,car,AUIHOF,0.45,VALID,ALLOWED,VALID,
border_cctv.mp4,1920,1080,1920x1080,24.0,496,20.67,188,7.83,person,1,1,AUTHORIZED,False,,,,,,,,,AUTHORIZED
border_cctv.mp4,1920,1080,1920x1080,24.0,496,20.67,188,7.83,vehicle,25,,,,25,2,car,AUIHOF,0.45,VALID,ALLOWED,VALID,
border_cctv.mp4,1920,1080,1920x1080,24.0,496,20.67,189,7.88,person,1,1,AUTHORIZED,False,,,,,,,,,AUTHORIZED
border_cctv.mp4,1920,1080,1920x1080,24.0,496,20.67,189,7.88,vehicle,25,,,,25,2,car,AUIHOF,0.45,VALID,ALLOWED,VALID,
border_cctv.mp4,1920,1080,1920x1080,24.0,496,20.67,190,7.92,person,1,1,AUTHORIZED,False,,,,,,,,,AUTHORIZED
border_cctv.mp4,1920,1080,1920x1080,24.0,496,20.67,190,7.92,vehicle,25,,,,25,2,car,AUIHOF,0.45,VALID,ALLOWED,VALID,
border_cctv.mp4,1920,1080,1920x1080,24.0,496,20.67,191,7.96,person,1,1,AUTHORIZED,False,,,,,,,,,AUTHORIZED
border_cctv.mp4,1920,1080,1920x1080,24.0,496,20.67,191,7.96,vehicle,25,,,,25,2,car,AUIHOF,0.45,VALID,ALLOWED,VALID,
border_cctv.mp4,1920,1080,1920x1080,24.0,496,20.67,192,8.0,person,1,1,AUTHORIZED,False,,,,,,,,,AUTHORIZED
border_cctv.mp4,1920,1080,1920x1080,24.0,496,20.67,192,8.0,vehicle,25,,,,25,2,car,AUIHOF,0.45,VALID,ALLOWED,VALID,
border_cctv.mp4,1920,1080,1920x1080,24.0,496,20.67,193,8.04,person,1,1,AUTHORIZED,False,,,,,,,,,AUTHORIZED
border_cctv.mp4,1920,1080,1920x1080,24.0,496,20.67,193,8.04,vehicle,25,,,,25,2,car,AUIHOF,0.45,VALID,ALLOWED,VALID,
border_cctv.mp4,1920,1080,1920x1080,24.0,496,20.67,194,8.08,person,1,1,AUTHORIZED,False,,,,,,,,,AUTHORIZED
border_cctv.mp4,1920,1080,1920x1080,24.0,496,20.67,194,8.08,vehicle,25,,,,25,2,car,AUIHOF,0.45,VALID,ALLOWED,VALID,
border_cctv.mp4,1920,1080,1920x1080,24.0,496,20.67,195,8.12,person,1,1,AUTHORIZED,True,,,,,,,,,AUTHORIZED
border_cctv.mp4,1920,1080,1920x1080,24.0,496,20.67,195,8.12,vehicle,25,,,,25,2,car,AUIHOF,0.45,VALID,ALLOWED,VALID,
border_cctv.mp4,1920,1080,1920x1080,24.0,496,20.67,196,8.17,person,1,1,AUTHORIZED,True,,,,,,,,,AUTHORIZED
border_cctv.mp4,1920,1080,1920x1080,24.0,496,20.67,196,8.17,vehicle,25,,,,25,2,car,AUIHOF,0.45,VALID,ALLOWED,VALID,
border_cctv.mp4,1920,1080,1920x1080,24.0,496,20.67,197,8.21,person,1,1,AUTHORIZED,False,,,,,,,,,AUTHORIZED
border_cctv.mp4,1920,1080,1920x1080,24.0,496,20.67,197,8.21,vehicle,25,,,,25,2,car,AUIHOF,0.45,VALID,ALLOWED,VALID,
border_cctv.mp4,1920,1080,1920x1080,24.0,496,20.67,198,8.25,person,1,1,AUTHORIZED,False,,,,,,,,,AUTHORIZED
border_cctv.mp4,1920,1080,1920x1080,24.0,496,20.67,198,8.25,vehicle,25,,,,25,2,car,AUIHOF,0.45,VALID,ALLOWED,VALID,
border_cctv.mp4,1920,1080,1920x1080,24.0,496,20.67,199,8.29,person,1,1,AUTHORIZED,False,,,,,,,,,AUTHORIZED
border_cctv.mp4,1920,1080,1920x1080,24.0,496,20.67,199,8.29,vehicle,25,,,,25,2,car,AUIHOF,0.45,VALID,ALLOWED,VALID,
border_cctv.mp4,1920,1080,1920x1080,24.0,496,20.67,200,8.33,person,1,1,AUTHORIZED,False,,,,,,,,,AUTHORIZED
border_cctv.mp4,1920,1080,1920x1080,24.0,496,20.67,200,8.33,vehicle,25,,,,25,2,car,AUIHOF,0.45,VALID,ALLOWED,VALID,
border_cctv.mp4,1920,1080,1920x1080,24.0,496,20.67,201,8.38,person,1,1,AUTHORIZED,False,,,,,,,,,AUTHORIZED
border_cctv.mp4,1920,1080,1920x1080,24.0,496,20.67,201,8.38,vehicle,25,,,,25,2,car,AUIHOF,0.45,VALID,ALLOWED,VALID,
border_cctv.mp4,1920,1080,1920x1080,24.0,496,20.67,201,8.38,person,33,33,UNAUTHORIZED,False,,,,,,,,,UNAUTHORIZED
border_cctv.mp4,1920,1080,1920x1080,24.0,496,20.67,202,8.42,person,1,1,AUTHORIZED,False,,,,,,,,,AUTHORIZED
border_cctv.mp4,1920,1080,1920x1080,24.0,496,20.67,202,8.42,vehicle,25,,,,25,2,car,AUIHOF,0.45,VALID,ALLOWED,VALID,
border_cctv.mp4,1920,1080,1920x1080,24.0,496,20.67,202,8.42,person,33,33,UNAUTHORIZED,False,,,,,,,,,UNAUTHORIZED
border_cctv.mp4,1920,1080,1920x1080,24.0,496,20.67,203,8.46,person,1,1,AUTHORIZED,False,,,,,,,,,AUTHORIZED
border_cctv.mp4,1920,1080,1920x1080,24.0,496,20.67,203,8.46,vehicle,25,,,,25,2,car,AUIHOF,0.45,VALID,ALLOWED,VALID,
border_cctv.mp4,1920,1080,1920x1080,24.0,496,20.67,203,8.46,person,33,33,UNAUTHORIZED,False,,,,,,,,,UNAUTHORIZED
border_cctv.mp4,1920,1080,1920x1080,24.0,496,20.67,204,8.5,person,1,1,AUTHORIZED,False,,,,,,,,,AUTHORIZED
border_cctv.mp4,1920,1080,1920x1080,24.0,496,20.67,204,8.5,vehicle,25,,,,25,2,car,JK02047007,0.765,VALID,ALLOWED,VALID,
border_cctv.mp4,1920,1080,1920x1080,24.0,496,20.67,204,8.5,person,33,33,UNAUTHORIZED,False,,,,,,,,,UNAUTHORIZED
border_cctv.mp4,1920,1080,1920x1080,24.0,496,20.67,205,8.54,person,1,1,AUTHORIZED,False,,,,,,,,,AUTHORIZED
border_cctv.mp4,1920,1080,1920x1080,24.0,496,20.67,205,8.54,vehicle,25,,,,25,2,car,JK02047007,0.765,VALID,ALLOWED,VALID,
border_cctv.mp4,1920,1080,1920x1080,24.0,496,20.67,205,8.54,person,33,33,UNAUTHORIZED,False,,,,,,,,,UNAUTHORIZED
border_cctv.mp4,1920,1080,1920x1080,24.0,496,20.67,206,8.58,person,1,1,AUTHORIZED,False,,,,,,,,,AUTHORIZED
border_cctv.mp4,1920,1080,1920x1080,24.0,496,20.67,206,8.58,vehicle,25,,,,25,2,car,JK02047007,0.765,VALID,ALLOWED,VALID,
border_cctv.mp4,1920,1080,1920x1080,24.0,496,20.67,207,8.62,person,1,1,AUTHORIZED,False,,,,,,,,,AUTHORIZED
border_cctv.mp4,1920,1080,1920x1080,24.0,496,20.67,207,8.62,vehicle,25,,,,25,2,car,JK02047007,0.765,VALID,ALLOWED,VALID,
border_cctv.mp4,1920,1080,1920x1080,24.0,496,20.67,208,8.67,person,1,1,AUTHORIZED,False,,,,,,,,,AUTHORIZED
border_cctv.mp4,1920,1080,1920x1080,24.0,496,20.67,208,8.67,vehicle,25,,,,25,2,car,JK02047007,0.765,VALID,ALLOWED,VALID,
border_cctv.mp4,1920,1080,1920x1080,24.0,496,20.67,209,8.71,person,1,1,AUTHORIZED,False,,,,,,,,,AUTHORIZED
border_cctv.mp4,1920,1080,1920x1080,24.0,496,20.67,209,8.71,vehicle,25,,,,25,2,car,JK02047007,0.765,VALID,ALLOWED,VALID,
border_cctv.mp4,1920,1080,1920x1080,24.0,496,20.67,210,8.75,person,1,1,AUTHORIZED,False,,,,,,,,,AUTHORIZED
border_cctv.mp4,1920,1080,1920x1080,24.0,496,20.67,210,8.75,vehicle,25,,,,25,2,car,JK02047007,0.765,VALID,ALLOWED,VALID,
border_cctv.mp4,1920,1080,1920x1080,24.0,496,20.67,211,8.79,person,1,1,AUTHORIZED,False,,,,,,,,,AUTHORIZED
border_cctv.mp4,1920,1080,1920x1080,24.0,496,20.67,211,8.79,vehicle,25,,,,25,2,car,JK02047007,0.765,VALID,ALLOWED,VALID,
border_cctv.mp4,1920,1080,1920x1080,24.0,496,20.67,212,8.83,person,1,1,AUTHORIZED,True,,,,,,,,,AUTHORIZED
border_cctv.mp4,1920,1080,1920x1080,24.0,496,20.67,212,8.83,vehicle,25,,,,25,2,car,JK02047007,0.765,VALID,ALLOWED,VALID,
border_cctv.mp4,1920,1080,1920x1080,24.0,496,20.67,213,8.88,person,1,1,AUTHORIZED,False,,,,,,,,,AUTHORIZED
border_cctv.mp4,1920,1080,1920x1080,24.0,496,20.67,213,8.88,vehicle,25,,,,25,2,car,JK02047007,0.765,VALID,ALLOWED,VALID,
border_cctv.mp4,1920,1080,1920x1080,24.0,496,20.67,214,8.92,person,1,1,AUTHORIZED,False,,,,,,,,,AUTHORIZED
border_cctv.mp4,1920,1080,1920x1080,24.0,496,20.67,214,8.92,vehicle,25,,,,25,2,car,JK02047007,0.765,VALID,ALLOWED,VALID,
border_cctv.mp4,1920,1080,1920x1080,24.0,496,20.67,215,8.96,person,1,1,AUTHORIZED,False,,,,,,,,,AUTHORIZED
border_cctv.mp4,1920,1080,1920x1080,24.0,496,20.67,215,8.96,vehicle,25,,,,25,2,car,JK02047007,0.765,VALID,ALLOWED,VALID,
border_cctv.mp4,1920,1080,1920x1080,24.0,496,20.67,216,9.0,person,1,1,AUTHORIZED,False,,,,,,,,,AUTHORIZED
border_cctv.mp4,1920,1080,1920x1080,24.0,496,20.67,216,9.0,vehicle,25,,,,25,2,car,JK02047007,0.765,VALID,ALLOWED,VALID,
border_cctv.mp4,1920,1080,1920x1080,24.0,496,20.67,217,9.04,person,1,1,AUTHORIZED,False,,,,,,,,,AUTHORIZED
border_cctv.mp4,1920,1080,1920x1080,24.0,496,20.67,217,9.04,vehicle,25,,,,25,2,car,JK02047007,0.765,VALID,ALLOWED,VALID,
border_cctv.mp4,1920,1080,1920x1080,24.0,496,20.67,218,9.08,person,1,1,AUTHORIZED,False,,,,,,,,,AUTHORIZED
border_cctv.mp4,1920,1080,1920x1080,24.0,496,20.67,218,9.08,vehicle,25,,,,25,2,car,JK02047007,0.765,VALID,ALLOWED,VALID,
border_cctv.mp4,1920,1080,1920x1080,24.0,496,20.67,219,9.12,person,1,1,AUTHORIZED,False,,,,,,,,,AUTHORIZED
border_cctv.mp4,1920,1080,1920x1080,24.0,496,20.67,219,9.12,vehicle,25,,,,25,2,car,JK02047007,0.765,VALID,ALLOWED,VALID,
border_cctv.mp4,1920,1080,1920x1080,24.0,496,20.67,220,9.17,person,1,1,AUTHORIZED,False,,,,,,,,,AUTHORIZED
border_cctv.mp4,1920,1080,1920x1080,24.0,496,20.67,220,9.17,vehicle,25,,,,25,2,car,JK02047007,0.765,VALID,ALLOWED,VALID,
border_cctv.mp4,1920,1080,1920x1080,24.0,496,20.67,221,9.21,person,1,1,AUTHORIZED,False,,,,,,,,,AUTHORIZED
border_cctv.mp4,1920,1080,1920x1080,24.0,496,20.67,221,9.21,vehicle,25,,,,25,2,car,JK02047007,0.765,VALID,ALLOWED,VALID,
border_cctv.mp4,1920,1080,1920x1080,24.0,496,20.67,222,9.25,person,1,1,AUTHORIZED,False,,,,,,,,,AUTHORIZED
border_cctv.mp4,1920,1080,1920x1080,24.0,496,20.67,222,9.25,vehicle,25,,,,25,2,car,JK02047007,0.765,VALID,ALLOWED,VALID,
border_cctv.mp4,1920,1080,1920x1080,24.0,496,20.67,222,9.25,person,33,33,UNAUTHORIZED,True,,,,,,,,,UNAUTHORIZED
border_cctv.mp4,1920,1080,1920x1080,24.0,496,20.67,223,9.29,person,1,1,AUTHORIZED,False,,,,,,,,,AUTHORIZED
border_cctv.mp4,1920,1080,1920x1080,24.0,496,20.67,223,9.29,vehicle,25,,,,25,2,car,JK02047007,0.765,VALID,ALLOWED,VALID,
border_cctv.mp4,1920,1080,1920x1080,24.0,496,20.67,223,9.29,person,33,33,UNAUTHORIZED,True,,,,,,,,,UNAUTHORIZED
border_cctv.mp4,1920,1080,1920x1080,24.0,496,20.67,224,9.33,person,1,1,AUTHORIZED,False,,,,,,,,,AUTHORIZED
border_cctv.mp4,1920,1080,1920x1080,24.0,496,20.67,224,9.33,vehicle,25,,,,25,2,car,JK02047007,0.765,VALID,ALLOWED,VALID,
border_cctv.mp4,1920,1080,1920x1080,24.0,496,20.67,225,9.38,person,1,1,AUTHORIZED,False,,,,,,,,,AUTHORIZED
border_cctv.mp4,1920,1080,1920x1080,24.0,496,20.67,225,9.38,vehicle,25,,,,25,2,car,JK02047007,0.827,VALID,ALLOWED,VALID,
border_cctv.mp4,1920,1080,1920x1080,24.0,496,20.67,226,9.42,person,1,1,AUTHORIZED,False,,,,,,,,,AUTHORIZED
border_cctv.mp4,1920,1080,1920x1080,24.0,496,20.67,226,9.42,vehicle,25,,,,25,2,car,JK02047007,0.827,VALID,ALLOWED,VALID,
border_cctv.mp4,1920,1080,1920x1080,24.0,496,20.67,226,9.42,person,33,33,UNAUTHORIZED,True,,,,,,,,,UNAUTHORIZED
border_cctv.mp4,1920,1080,1920x1080,24.0,496,20.67,227,9.46,person,1,1,AUTHORIZED,False,,,,,,,,,AUTHORIZED
border_cctv.mp4,1920,1080,1920x1080,24.0,496,20.67,227,9.46,vehicle,25,,,,25,2,car,JK02047007,0.827,VALID,ALLOWED,VALID,
border_cctv.mp4,1920,1080,1920x1080,24.0,496,20.67,227,9.46,person,33,33,UNAUTHORIZED,True,,,,,,,,,UNAUTHORIZED
border_cctv.mp4,1920,1080,1920x1080,24.0,496,20.67,228,9.5,person,1,1,AUTHORIZED,False,,,,,,,,,AUTHORIZED
border_cctv.mp4,1920,1080,1920x1080,24.0,496,20.67,228,9.5,vehicle,25,,,,25,2,car,JK02047007,0.827,VALID,ALLOWED,VALID,
border_cctv.mp4,1920,1080,1920x1080,24.0,496,20.67,228,9.5,person,33,33,UNAUTHORIZED,True,,,,,,,,,UNAUTHORIZED
border_cctv.mp4,1920,1080,1920x1080,24.0,496,20.67,229,9.54,person,1,1,AUTHORIZED,False,,,,,,,,,AUTHORIZED
border_cctv.mp4,1920,1080,1920x1080,24.0,496,20.67,229,9.54,vehicle,25,,,,25,2,car,JK02047007,0.827,VALID,ALLOWED,VALID,
border_cctv.mp4,1920,1080,1920x1080,24.0,496,20.67,229,9.54,person,33,33,UNAUTHORIZED,True,,,,,,,,,UNAUTHORIZED
border_cctv.mp4,1920,1080,1920x1080,24.0,496,20.67,230,9.58,person,1,1,AUTHORIZED,False,,,,,,,,,AUTHORIZED
border_cctv.mp4,1920,1080,1920x1080,24.0,496,20.67,230,9.58,vehicle,25,,,,25,2,car,JK02047007,0.827,VALID,ALLOWED,VALID,
border_cctv.mp4,1920,1080,1920x1080,24.0,496,20.67,230,9.58,person,33,33,UNAUTHORIZED,True,,,,,,,,,UNAUTHORIZED
border_cctv.mp4,1920,1080,1920x1080,24.0,496,20.67,231,9.62,person,1,1,AUTHORIZED,False,,,,,,,,,AUTHORIZED
border_cctv.mp4,1920,1080,1920x1080,24.0,496,20.67,231,9.62,vehicle,25,,,,25,2,car,JK02047007,0.827,VALID,ALLOWED,VALID,
border_cctv.mp4,1920,1080,1920x1080,24.0,496,20.67,231,9.62,person,33,33,UNAUTHORIZED,True,,,,,,,,,UNAUTHORIZED
border_cctv.mp4,1920,1080,1920x1080,24.0,496,20.67,231,9.62,vehicle,38,,,,38,2,car,PKO2047007,0.342,VALID,ALLOWED,VALID,
border_cctv.mp4,1920,1080,1920x1080,24.0,496,20.67,232,9.67,person,1,1,AUTHORIZED,False,,,,,,,,,AUTHORIZED
border_cctv.mp4,1920,1080,1920x1080,24.0,496,20.67,232,9.67,vehicle,25,,,,25,2,car,JK02047007,0.827,VALID,ALLOWED,VALID,
border_cctv.mp4,1920,1080,1920x1080,24.0,496,20.67,232,9.67,person,33,33,UNAUTHORIZED,True,,,,,,,,,UNAUTHORIZED
border_cctv.mp4,1920,1080,1920x1080,24.0,496,20.67,232,9.67,vehicle,38,,,,38,2,car,PKO2047007,0.342,VALID,ALLOWED,VALID,
border_cctv.mp4,1920,1080,1920x1080,24.0,496,20.67,233,9.71,person,1,1,AUTHORIZED,False,,,,,,,,,AUTHORIZED
border_cctv.mp4,1920,1080,1920x1080,24.0,496,20.67,233,9.71,vehicle,25,,,,25,2,car,JK02047007,0.827,VALID,ALLOWED,VALID,
border_cctv.mp4,1920,1080,1920x1080,24.0,496,20.67,233,9.71,person,33,33,UNAUTHORIZED,True,,,,,,,,,UNAUTHORIZED
border_cctv.mp4,1920,1080,1920x1080,24.0,496,20.67,233,9.71,vehicle,38,,,,38,2,car,PKO2047007,0.342,VALID,ALLOWED,VALID,
border_cctv.mp4,1920,1080,1920x1080,24.0,496,20.67,234,9.75,person,1,1,AUTHORIZED,False,,,,,,,,,AUTHORIZED
border_cctv.mp4,1920,1080,1920x1080,24.0,496,20.67,234,9.75,vehicle,25,,,,25,2,car,JK02047007,0.827,VALID,ALLOWED,VALID,
border_cctv.mp4,1920,1080,1920x1080,24.0,496,20.67,234,9.75,person,33,33,UNAUTHORIZED,True,,,,,,,,,UNAUTHORIZED
border_cctv.mp4,1920,1080,1920x1080,24.0,496,20.67,235,9.79,person,1,1,AUTHORIZED,False,,,,,,,,,AUTHORIZED
border_cctv.mp4,1920,1080,1920x1080,24.0,496,20.67,235,9.79,vehicle,25,,,,25,2,car,JK02047007,0.827,VALID,ALLOWED,VALID,
border_cctv.mp4,1920,1080,1920x1080,24.0,496,20.67,235,9.79,person,33,33,UNAUTHORIZED,True,,,,,,,,,UNAUTHORIZED
border_cctv.mp4,1920,1080,1920x1080,24.0,496,20.67,236,9.83,person,1,1,AUTHORIZED,False,,,,,,,,,AUTHORIZED
border_cctv.mp4,1920,1080,1920x1080,24.0,496,20.67,236,9.83,vehicle,25,,,,25,2,car,JK02047007,0.827,VALID,ALLOWED,VALID,
border_cctv.mp4,1920,1080,1920x1080,24.0,496,20.67,236,9.83,person,33,33,UNAUTHORIZED,True,,,,,,,,,UNAUTHORIZED
border_cctv.mp4,1920,1080,1920x1080,24.0,496,20.67,237,9.88,person,1,1,AUTHORIZED,False,,,,,,,,,AUTHORIZED
border_cctv.mp4,1920,1080,1920x1080,24.0,496,20.67,237,9.88,vehicle,25,,,,25,2,car,JK02047007,0.827,VALID,ALLOWED,VALID,
border_cctv.mp4,1920,1080,1920x1080,24.0,496,20.67,237,9.88,person,33,33,UNAUTHORIZED,True,,,,,,,,,UNAUTHORIZED
border_cctv.mp4,1920,1080,1920x1080,24.0,496,20.67,238,9.92,person,1,1,AUTHORIZED,False,,,,,,,,,AUTHORIZED
border_cctv.mp4,1920,1080,1920x1080,24.0,496,20.67,238,9.92,vehicle,25,,,,25,2,car,JK02047007,0.827,VALID,ALLOWED,VALID,
border_cctv.mp4,1920,1080,1920x1080,24.0,496,20.67,238,9.92,person,33,33,UNAUTHORIZED,True,,,,,,,,,UNAUTHORIZED
border_cctv.mp4,1920,1080,1920x1080,24.0,496,20.67,239,9.96,person,1,1,AUTHORIZED,False,,,,,,,,,AUTHORIZED
border_cctv.mp4,1920,1080,1920x1080,24.0,496,20.67,239,9.96,vehicle,25,,,,25,2,car,JK02047007,0.827,VALID,ALLOWED,VALID,
border_cctv.mp4,1920,1080,1920x1080,24.0,496,20.67,239,9.96,person,33,33,UNAUTHORIZED,True,,,,,,,,,UNAUTHORIZED
border_cctv.mp4,1920,1080,1920x1080,24.0,496,20.67,240,10.0,person,1,1,AUTHORIZED,False,,,,,,,,,AUTHORIZED
border_cctv.mp4,1920,1080,1920x1080,24.0,496,20.67,240,10.0,vehicle,25,,,,25,2,car,JK02047007,0.827,VALID,ALLOWED,VALID,
border_cctv.mp4,1920,1080,1920x1080,24.0,496,20.67,240,10.0,person,33,33,UNAUTHORIZED,True,,,,,,,,,UNAUTHORIZED
border_cctv.mp4,1920,1080,1920x1080,24.0,496,20.67,241,10.04,person,1,1,AUTHORIZED,False,,,,,,,,,AUTHORIZED
border_cctv.mp4,1920,1080,1920x1080,24.0,496,20.67,241,10.04,vehicle,25,,,,25,2,car,JK02047007,0.827,VALID,ALLOWED,VALID,
border_cctv.mp4,1920,1080,1920x1080,24.0,496,20.67,241,10.04,person,33,33,UNAUTHORIZED,True,,,,,,,,,UNAUTHORIZED
border_cctv.mp4,1920,1080,1920x1080,24.0,496,20.67,242,10.08,person,1,1,AUTHORIZED,False,,,,,,,,,AUTHORIZED
border_cctv.mp4,1920,1080,1920x1080,24.0,496,20.67,242,10.08,vehicle,25,,,,25,2,car,JK02047007,0.827,VALID,ALLOWED,VALID,
border_cctv.mp4,1920,1080,1920x1080,24.0,496,20.67,242,10.08,person,33,33,UNAUTHORIZED,True,,,,,,,,,UNAUTHORIZED
border_cctv.mp4,1920,1080,1920x1080,24.0,496,20.67,243,10.12,person,1,1,AUTHORIZED,False,,,,,,,,,AUTHORIZED
border_cctv.mp4,1920,1080,1920x1080,24.0,496,20.67,243,10.12,vehicle,25,,,,25,2,car,JK02047007,0.827,VALID,ALLOWED,VALID,
border_cctv.mp4,1920,1080,1920x1080,24.0,496,20.67,243,10.12,person,33,33,UNAUTHORIZED,False,,,,,,,,,UNAUTHORIZED
