frame,timestamp,object_type,object_id,vehicle_type,plate_number,ocr_confidence,authorization,face_detected
1,0.04,person,1,,,,AUTHORIZED,False
1,0.04,vehicle,2,car,JK02DA7007,0.486,,
1,0.04,person,3,,,,UNAUTHORIZED,False
2,0.08,person,1,,,,AUTHORIZED,False
2,0.08,vehicle,2,car,JK02DA7007,0.486,,
2,0.08,person,3,,,,UNAUTHORIZED,False
3,0.12,person,1,,,,AUTHORIZED,False
3,0.12,vehicle,2,car,JK02DA7007,0.486,,
3,0.12,person,3,,,,UNAUTHORIZED,False
4,0.17,person,1,,,,AUTHORIZED,False
4,0.17,vehicle,2,car,JK02DA7007,0.486,,
4,0.17,person,3,,,,UNAUTHORIZED,False
5,0.21,person,1,,,,AUTHORIZED,False
5,0.21,vehicle,2,car,JK02DA7007,0.486,,
5,0.21,person,3,,,,UNAUTHORIZED,False
6,0.25,person,1,,,,AUTHORIZED,False
6,0.25,vehicle,2,car,JK02DA7007,0.605,,
6,0.25,person,3,,,,UNAUTHORIZED,False
7,0.29,person,1,,,,AUTHORIZED,False
7,0.29,vehicle,2,car,JK02DA7007,0.605,,
7,0.29,person,3,,,,UNAUTHORIZED,False
8,0.33,person,1,,,,AUTHORIZED,False
8,0.33,vehicle,2,car,JK02DA7007,0.605,,
8,0.33,person,3,,,,UNAUTHORIZED,False
9,0.38,person,1,,,,AUTHORIZED,False
9,0.38,vehicle,2,car,JK02DA7007,0.605,,
9,0.38,person,3,,,,UNAUTHORIZED,False
10,0.42,person,1,,,,AUTHORIZED,False
10,0.42,vehicle,2,car,JK02DA7007,0.605,,
10,0.42,person,3,,,,UNAUTHORIZED,False
11,0.46,person,1,,,,AUTHORIZED,False
11,0.46,vehicle,2,car,JK02DA7007,0.605,,
11,0.46,person,3,,,,UNAUTHORIZED,False
12,0.5,person,1,,,,AUTHORIZED,False
12,0.5,vehicle,2,car,JK02DA7007,0.605,,
12,0.5,person,3,,,,UNAUTHORIZED,False
13,0.54,person,1,,,,AUTHORIZED,False
13,0.54,vehicle,2,car,JK02DA7007,0.605,,
13,0.54,person,3,,,,UNAUTHORIZED,False
14,0.58,person,1,,,,AUTHORIZED,False
14,0.58,vehicle,2,car,JK02DA7007,0.605,,
14,0.58,person,3,,,,UNAUTHORIZED,False
15,0.62,person,1,,,,AUTHORIZED,False
15,0.62,vehicle,2,car,JK02DA7007,0.853,,
15,0.62,person,3,,,,UNAUTHORIZED,False
16,0.67,person,1,,,,AUTHORIZED,False
16,0.67,vehicle,2,car,JK02DA7007,0.853,,
16,0.67,person,3,,,,UNAUTHORIZED,False
17,0.71,person,1,,,,AUTHORIZED,False
17,0.71,vehicle,2,car,JK02DA7007,0.853,,
17,0.71,person,3,,,,UNAUTHORIZED,False
18,0.75,person,1,,,,AUTHORIZED,False
18,0.75,vehicle,2,car,JK02DA7007,0.853,,
18,0.75,person,3,,,,UNAUTHORIZED,False
19,0.79,person,1,,,,AUTHORIZED,False
19,0.79,vehicle,2,car,JK02DA7007,0.853,,
19,0.79,person,3,,,,UNAUTHORIZED,False
20,0.83,person,1,,,,AUTHORIZED,False
20,0.83,vehicle,2,car,JK02DA7007,0.853,,
20,0.83,person,3,,,,UNAUTHORIZED,False
21,0.88,person,1,,,,AUTHORIZED,False
21,0.88,vehicle,2,car,JK02DA7007,0.853,,
21,0.88,person,3,,,,UNAUTHORIZED,False
22,0.92,person,1,,,,AUTHORIZED,False
22,0.92,vehicle,2,car,JK02DA7007,0.853,,
22,0.92,person,3,,,,UNAUTHORIZED,False
23,0.96,person,1,,,,AUTHORIZED,False
23,0.96,vehicle,2,car,JK02DA7007,0.853,,
23,0.96,person,3,,,,UNAUTHORIZED,False
24,1.0,person,1,,,,AUTHORIZED,False
24,1.0,vehicle,2,car,JK02DA7007,0.853,,
24,1.0,person,3,,,,UNAUTHORIZED,False
25,1.04,person,1,,,,AUTHORIZED,False
25,1.04,vehicle,2,car,JK02DA7007,0.853,,
25,1.04,person,3,,,,UNAUTHORIZED,False
26,1.08,person,1,,,,AUTHORIZED,False
26,1.08,vehicle,2,car,JK02DA7007,0.853,,
26,1.08,person,3,,,,UNAUTHORIZED,False
27,1.12,person,1,,,,AUTHORIZED,False
27,1.12,vehicle,2,car,JK02DA7007,0.854,,
27,1.12,person,3,,,,UNAUTHORIZED,False
28,1.17,person,1,,,,AUTHORIZED,False
28,1.17,vehicle,2,car,JK02DA7007,0.854,,
28,1.17,person,3,,,,UNAUTHORIZED,False
29,1.21,person,1,,,,AUTHORIZED,False
29,1.21,vehicle,2,car,JK02DA7007,0.854,,
29,1.21,person,3,,,,UNAUTHORIZED,False
30,1.25,person,1,,,,AUTHORIZED,False
30,1.25,vehicle,2,car,JK02DA7007,0.854,,
30,1.25,person,3,,,,UNAUTHORIZED,False
31,1.29,person,1,,,,AUTHORIZED,False
31,1.29,vehicle,2,car,JK02DA7007,0.854,,
31,1.29,person,3,,,,UNAUTHORIZED,False
32,1.33,person,1,,,,AUTHORIZED,False
32,1.33,vehicle,2,car,JK02DA7007,0.854,,
32,1.33,person,3,,,,UNAUTHORIZED,False
33,1.38,person,1,,,,AUTHORIZED,False
33,1.38,vehicle,2,car,JK02DA7007,0.854,,
33,1.38,person,3,,,,UNAUTHORIZED,False
34,1.42,person,1,,,,AUTHORIZED,False
34,1.42,vehicle,2,car,JK02DA7007,0.854,,
34,1.42,person,3,,,,UNAUTHORIZED,True
35,1.46,person,1,,,,AUTHORIZED,False
35,1.46,vehicle,2,car,JK02DA7007,0.854,,
35,1.46,person,3,,,,UNAUTHORIZED,False
36,1.5,person,1,,,,AUTHORIZED,False
36,1.5,vehicle,2,car,JK02DA7007,0.854,,
36,1.5,person,3,,,,UNAUTHORIZED,False
37,1.54,person,1,,,,AUTHORIZED,False
37,1.54,vehicle,2,car,JK02DA7007,0.854,,
38,1.58,person,1,,,,AUTHORIZED,False
38,1.58,vehicle,2,car,JK02DA7007,0.854,,
38,1.58,person,3,,,,UNAUTHORIZED,True
39,1.62,person,1,,,,AUTHORIZED,False
39,1.62,vehicle,2,car,JK02DA7007,0.945,,
40,1.67,person,1,,,,AUTHORIZED,False
40,1.67,vehicle,2,car,JK02DA7007,0.945,,
40,1.67,person,3,,,,UNAUTHORIZED,False
41,1.71,person,1,,,,AUTHORIZED,False
41,1.71,vehicle,2,car,JK02DA7007,0.945,,
41,1.71,person,3,,,,UNAUTHORIZED,True
42,1.75,person,1,,,,AUTHORIZED,False
42,1.75,vehicle,2,car,JK02DA7007,0.945,,
42,1.75,person,3,,,,UNAUTHORIZED,True
43,1.79,person,1,,,,AUTHORIZED,False
43,1.79,vehicle,2,car,JK02DA7007,0.945,,
43,1.79,person,3,,,,UNAUTHORIZED,False
44,1.83,person,1,,,,AUTHORIZED,False
44,1.83,vehicle,2,car,JK02DA7007,0.945,,
44,1.83,person,3,,,,UNAUTHORIZED,False
45,1.88,person,1,,,,AUTHORIZED,False
45,1.88,vehicle,2,car,JK02DA7007,0.945,,
45,1.88,person,3,,,,UNAUTHORIZED,False
46,1.92,person,1,,,,AUTHORIZED,False
46,1.92,vehicle,2,car,JK02DA7007,0.945,,
46,1.92,person,3,,,,UNAUTHORIZED,False
47,1.96,person,1,,,,AUTHORIZED,False
47,1.96,vehicle,2,car,JK02DA7007,0.945,,
47,1.96,person,3,,,,UNAUTHORIZED,False
48,2.0,person,1,,,,AUTHORIZED,False
48,2.0,vehicle,2,car,JK02DA7007,0.945,,
48,2.0,person,3,,,,UNAUTHORIZED,False
49,2.04,person,1,,,,AUTHORIZED,False
49,2.04,vehicle,2,car,JK02DA7007,0.945,,
49,2.04,vehicle,5,car,,0.0,,
50,2.08,person,1,,,,AUTHORIZED,False
50,2.08,vehicle,2,car,JK02DA7007,0.945,,
50,2.08,vehicle,5,car,,0.0,,
51,2.12,person,1,,,,AUTHORIZED,False
51,2.12,vehicle,2,car,JK02DA7007,0.945,,
51,2.12,vehicle,5,car,JK02DA7007,0.588,,
52,2.17,person,1,,,,AUTHORIZED,False
52,2.17,vehicle,2,car,JK02DA7007,0.945,,
52,2.17,vehicle,5,car,JK02DA7007,0.588,,
53,2.21,person,1,,,,AUTHORIZED,False
53,2.21,vehicle,2,car,JK02DA7007,0.945,,
53,2.21,vehicle,5,car,JK02DA7007,0.588,,
54,2.25,person,1,,,,AUTHORIZED,False
54,2.25,vehicle,2,car,JK02DA7007,0.945,,
54,2.25,vehicle,5,car,JK02DA7007,0.588,,
55,2.29,person,1,,,,AUTHORIZED,False
55,2.29,vehicle,2,car,JK02DA7007,0.945,,
55,2.29,vehicle,5,car,JK02DA7007,0.588,,
56,2.33,person,1,,,,AUTHORIZED,False
56,2.33,vehicle,2,car,JK02DA7007,0.945,,
56,2.33,vehicle,5,car,JK02DA7007,0.588,,
57,2.38,person,1,,,,AUTHORIZED,False
58,2.42,person,1,,,,AUTHORIZED,False
58,2.42,vehicle,2,car,JK02DA7007,0.945,,
59,2.46,person,1,,,,AUTHORIZED,False
59,2.46,vehicle,2,car,JK02DA7007,0.945,,
60,2.5,person,1,,,,AUTHORIZED,False
60,2.5,vehicle,2,car,JK02DA7007,0.945,,
61,2.54,person,1,,,,AUTHORIZED,False
61,2.54,vehicle,2,car,JK02DA7007,0.945,,
62,2.58,person,1,,,,AUTHORIZED,False
62,2.58,vehicle,2,car,JK02DA7007,0.945,,
62,2.58,vehicle,6,car,,0.0,,
63,2.62,person,1,,,,AUTHORIZED,False
63,2.62,vehicle,2,car,JK02DA7007,0.945,,
63,2.62,vehicle,6,truck,JK02DA7007,0.576,,
64,2.67,person,1,,,,AUTHORIZED,False
64,2.67,vehicle,2,car,JK02DA7007,0.945,,
64,2.67,vehicle,6,truck,JK02DA7007,0.576,,
64,2.67,person,7,,,,UNAUTHORIZED,False
65,2.71,person,1,,,,AUTHORIZED,False
65,2.71,vehicle,2,car,JK02DA7007,0.945,,
65,2.71,vehicle,6,truck,JK02DA7007,0.576,,
65,2.71,person,7,,,,UNAUTHORIZED,False
66,2.75,person,1,,,,AUTHORIZED,True
66,2.75,vehicle,2,car,JK02DA7007,0.945,,
66,2.75,vehicle,6,truck,JK02DA7007,0.693,,
66,2.75,person,7,,,,UNAUTHORIZED,False
67,2.79,person,1,,,,AUTHORIZED,False
67,2.79,vehicle,2,car,JK02DA7007,0.945,,
67,2.79,vehicle,6,car,JK02DA7007,0.693,,
67,2.79,person,7,,,,UNAUTHORIZED,False
68,2.83,person,1,,,,AUTHORIZED,True
68,2.83,vehicle,2,car,JK02DA7007,0.945,,
68,2.83,person,7,,,,UNAUTHORIZED,False
69,2.88,person,1,,,,AUTHORIZED,False
69,2.88,vehicle,2,car,JK02DA7007,0.945,,
69,2.88,person,7,,,,UNAUTHORIZED,False
70,2.92,person,1,,,,AUTHORIZED,False
70,2.92,vehicle,2,car,JK02DA7007,0.945,,
70,2.92,person,7,,,,UNAUTHORIZED,False
71,2.96,person,1,,,,AUTHORIZED,False
71,2.96,vehicle,2,car,JK02DA7007,0.945,,
71,2.96,person,7,,,,UNAUTHORIZED,False
72,3.0,person,1,,,,AUTHORIZED,False
72,3.0,vehicle,2,car,JK02DA7007,0.945,,
72,3.0,person,7,,,,UNAUTHORIZED,False
73,3.04,person,1,,,,AUTHORIZED,False
73,3.04,vehicle,2,car,JK02DA7007,0.945,,
73,3.04,person,7,,,,UNAUTHORIZED,False
74,3.08,person,1,,,,AUTHORIZED,False
74,3.08,vehicle,2,car,JK02DA7007,0.945,,
74,3.08,person,7,,,,UNAUTHORIZED,False
75,3.12,person,1,,,,AUTHORIZED,False
75,3.12,vehicle,2,car,JK02DA7007,0.945,,
75,3.12,person,7,,,,UNAUTHORIZED,False
76,3.17,person,1,,,,AUTHORIZED,False
76,3.17,vehicle,2,car,JK02DA7007,0.945,,
76,3.17,person,7,,,,UNAUTHORIZED,False
77,3.21,person,1,,,,AUTHORIZED,True
77,3.21,vehicle,2,car,JK02DA7007,0.945,,
77,3.21,person,7,,,,UNAUTHORIZED,False
78,3.25,person,1,,,,AUTHORIZED,False
78,3.25,vehicle,2,car,JK02DA7007,0.945,,
78,3.25,person,7,,,,UNAUTHORIZED,False
79,3.29,person,1,,,,AUTHORIZED,True
79,3.29,vehicle,2,car,JK02DA7007,0.945,,
79,3.29,person,7,,,,UNAUTHORIZED,False
80,3.33,person,1,,,,AUTHORIZED,False
80,3.33,vehicle,2,car,JK02DA7007,0.945,,
80,3.33,person,7,,,,UNAUTHORIZED,False
81,3.38,person,1,,,,AUTHORIZED,False
81,3.38,vehicle,2,car,JK02DA7007,0.945,,
81,3.38,person,7,,,,UNAUTHORIZED,False
82,3.42,person,1,,,,AUTHORIZED,False
82,3.42,vehicle,2,car,JK02DA7007,0.945,,
82,3.42,person,7,,,,UNAUTHORIZED,False
83,3.46,person,1,,,,AUTHORIZED,False
83,3.46,vehicle,2,car,JK02DA7007,0.945,,
83,3.46,person,7,,,,UNAUTHORIZED,False
84,3.5,person,1,,,,AUTHORIZED,False
84,3.5,vehicle,2,car,JK02DA7007,0.945,,
84,3.5,person,7,,,,UNAUTHORIZED,False
85,3.54,person,1,,,,AUTHORIZED,False
85,3.54,vehicle,2,car,JK02DA7007,0.945,,
85,3.54,person,7,,,,UNAUTHORIZED,False
86,3.58,person,1,,,,AUTHORIZED,False
86,3.58,vehicle,2,car,JK02DA7007,0.945,,
86,3.58,person,7,,,,UNAUTHORIZED,False
87,3.62,person,1,,,,AUTHORIZED,False
87,3.62,vehicle,2,car,JK02DA7007,0.945,,
87,3.62,person,7,,,,UNAUTHORIZED,False
88,3.67,person,1,,,,AUTHORIZED,False
88,3.67,vehicle,2,car,JK02DA7007,0.945,,
88,3.67,person,7,,,,UNAUTHORIZED,False
89,3.71,person,1,,,,AUTHORIZED,False
89,3.71,vehicle,2,car,JK02DA7007,0.945,,
89,3.71,person,7,,,,UNAUTHORIZED,False
90,3.75,person,1,,,,AUTHORIZED,False
90,3.75,vehicle,2,car,JK02DA7007,0.945,,
90,3.75,person,7,,,,UNAUTHORIZED,False
91,3.79,person,1,,,,AUTHORIZED,False
91,3.79,vehicle,2,car,JK02DA7007,0.945,,
91,3.79,person,7,,,,UNAUTHORIZED,False
92,3.83,person,1,,,,AUTHORIZED,False
92,3.83,vehicle,2,car,JK02DA7007,0.945,,
92,3.83,person,7,,,,UNAUTHORIZED,False
93,3.88,person,1,,,,AUTHORIZED,False
93,3.88,vehicle,2,car,JK02DA7007,0.945,,
93,3.88,person,7,,,,UNAUTHORIZED,False
94,3.92,person,1,,,,AUTHORIZED,False
94,3.92,vehicle,2,car,JK02DA7007,0.945,,
94,3.92,person,7,,,,UNAUTHORIZED,False
95,3.96,person,1,,,,AUTHORIZED,False
95,3.96,vehicle,2,car,JK02DA7007,0.945,,
95,3.96,person,7,,,,UNAUTHORIZED,False
96,4.0,person,1,,,,AUTHORIZED,False
96,4.0,vehicle,2,car,JK02DA7007,0.945,,
96,4.0,person,7,,,,UNAUTHORIZED,False
97,4.04,person,1,,,,AUTHORIZED,False
97,4.04,vehicle,2,car,JK02DA7007,0.945,,
97,4.04,person,7,,,,UNAUTHORIZED,False
98,4.08,person,1,,,,AUTHORIZED,False
98,4.08,vehicle,2,car,JK02DA7007,0.945,,
99,4.12,person,1,,,,AUTHORIZED,False
99,4.12,vehicle,2,car,JK02DA7007,0.945,,
100,4.17,person,1,,,,AUTHORIZED,False
100,4.17,vehicle,2,car,JK02DA7007,0.945,,
101,4.21,person,1,,,,AUTHORIZED,False
101,4.21,vehicle,2,car,JK02DA7007,0.945,,
101,4.21,vehicle,13,car,,0.0,,
102,4.25,person,1,,,,AUTHORIZED,False
102,4.25,vehicle,2,car,JK02DA7007,0.945,,
103,4.29,person,1,,,,AUTHORIZED,False
103,4.29,vehicle,2,car,JK02DA7007,0.945,,
104,4.33,person,1,,,,AUTHORIZED,False
104,4.33,vehicle,2,car,JK02DA7007,0.945,,
104,4.33,vehicle,14,truck,,0.0,,
105,4.38,person,1,,,,AUTHORIZED,False
105,4.38,vehicle,2,car,JK02DA7007,0.945,,
106,4.42,person,1,,,,AUTHORIZED,False
106,4.42,vehicle,2,car,JK02DA7007,0.945,,
107,4.46,person,1,,,,AUTHORIZED,True
107,4.46,vehicle,2,car,JK02DA7007,0.945,,
108,4.5,person,1,,,,AUTHORIZED,False
108,4.5,vehicle,2,car,JK02DA7007,0.945,,
108,4.5,vehicle,16,car,JK02DA7007,0.763,,
109,4.54,person,1,,,,AUTHORIZED,False
109,4.54,vehicle,2,car,JK02DA7007,0.945,,
110,4.58,person,1,,,,AUTHORIZED,False
110,4.58,vehicle,2,car,JK02DA7007,0.945,,
111,4.62,person,1,,,,AUTHORIZED,False
111,4.62,vehicle,2,car,JK02DA7007,0.923,,
112,4.67,person,1,,,,AUTHORIZED,False
112,4.67,vehicle,2,car,JK02DA7007,0.923,,
113,4.71,person,1,,,,AUTHORIZED,False
113,4.71,vehicle,2,car,JK02DA7007,0.923,,
114,4.75,person,1,,,,AUTHORIZED,False
114,4.75,vehicle,2,car,JK02DA7007,0.923,,
115,4.79,person,1,,,,AUTHORIZED,False
115,4.79,vehicle,2,car,JK02DA7007,0.923,,
115,4.79,vehicle,16,truck,JK02DA7007,0.763,,
116,4.83,person,1,,,,AUTHORIZED,False
116,4.83,vehicle,2,car,JK02DA7007,0.923,,
116,4.83,vehicle,16,car,JK02DA7007,0.763,,
117,4.88,person,1,,,,AUTHORIZED,False
118,4.92,person,1,,,,AUTHORIZED,False
118,4.92,vehicle,2,car,JK02DA7007,0.923,,
119,4.96,person,1,,,,AUTHORIZED,False
119,4.96,vehicle,2,car,JK02DA7007,0.923,,
120,5.0,person,1,,,,AUTHORIZED,False
120,5.0,vehicle,2,car,JK02DA7007,0.923,,
121,5.04,person,1,,,,AUTHORIZED,False
121,5.04,vehicle,2,car,JK02DA7007,0.923,,
121,5.04,person,19,,,,UNAUTHORIZED,False
122,5.08,person,1,,,,AUTHORIZED,False
122,5.08,vehicle,2,car,JK02DA7007,0.923,,
122,5.08,person,19,,,,UNAUTHORIZED,False
123,5.12,person,1,,,,AUTHORIZED,True
123,5.12,vehicle,2,car,JK02DA7007,0.923,,
123,5.12,person,19,,,,UNAUTHORIZED,False
124,5.17,person,1,,,,AUTHORIZED,False
124,5.17,vehicle,2,car,JK02DA7007,0.923,,
125,5.21,person,1,,,,AUTHORIZED,True
125,5.21,vehicle,2,car,JK02DA7007,0.923,,
126,5.25,person,1,,,,AUTHORIZED,True
126,5.25,vehicle,2,car,JK02DA7007,0.923,,
126,5.25,vehicle,21,truck,,0.0,,
127,5.29,person,1,,,,AUTHORIZED,True
127,5.29,vehicle,2,car,JK02DA7007,0.923,,
128,5.33,person,1,,,,AUTHORIZED,True
128,5.33,vehicle,2,car,JK02DA7007,0.923,,
128,5.33,person,19,,,,UNAUTHORIZED,False
129,5.38,person,1,,,,AUTHORIZED,True
129,5.38,vehicle,2,car,JK02DA7007,0.923,,
129,5.38,person,19,,,,UNAUTHORIZED,False
130,5.42,person,1,,,,AUTHORIZED,True
130,5.42,vehicle,2,car,JK02DA7007,0.923,,
131,5.46,person,1,,,,AUTHORIZED,True
131,5.46,vehicle,2,car,JK02DA7007,0.923,,
131,5.46,person,19,,,,UNAUTHORIZED,False
132,5.5,person,1,,,,AUTHORIZED,True
132,5.5,vehicle,2,car,JK02DA7007,0.923,,
132,5.5,person,19,,,,UNAUTHORIZED,False
133,5.54,person,1,,,,AUTHORIZED,True
133,5.54,vehicle,2,car,JK02DA7007,0.923,,
134,5.58,person,1,,,,AUTHORIZED,True
134,5.58,vehicle,2,car,JK02DA7007,0.923,,
135,5.62,person,1,,,,AUTHORIZED,True
135,5.62,vehicle,2,car,JK02DA7007,0.923,,
136,5.67,person,1,,,,AUTHORIZED,True
136,5.67,vehicle,2,car,JK02DA7007,0.923,,
136,5.67,person,19,,,,UNAUTHORIZED,False
137,5.71,person,1,,,,AUTHORIZED,True
137,5.71,vehicle,2,car,JK02DA7007,0.923,,
137,5.71,person,19,,,,UNAUTHORIZED,False
138,5.75,person,1,,,,AUTHORIZED,True
138,5.75,vehicle,2,car,JK02DA7007,0.923,,
139,5.79,person,1,,,,AUTHORIZED,True
139,5.79,vehicle,2,car,JK02DA7007,0.923,,
139,5.79,person,19,,,,UNAUTHORIZED,False
140,5.83,person,1,,,,AUTHORIZED,True
140,5.83,vehicle,2,car,JK02DA7007,0.923,,
140,5.83,person,19,,,,UNAUTHORIZED,False
141,5.88,person,1,,,,AUTHORIZED,True
141,5.88,vehicle,2,car,JK02DA7007,0.923,,
142,5.92,person,1,,,,AUTHORIZED,True
142,5.92,vehicle,2,car,JK02DA7007,0.923,,
143,5.96,person,1,,,,AUTHORIZED,True
143,5.96,vehicle,2,car,JK02DA7007,0.923,,
143,5.96,person,22,,,,UNAUTHORIZED,False
144,6.0,person,1,,,,AUTHORIZED,True
144,6.0,vehicle,2,car,JK02DA7007,0.923,,
145,6.04,person,1,,,,AUTHORIZED,True
145,6.04,vehicle,2,car,JK02DA7007,0.923,,
145,6.04,person,19,,,,UNAUTHORIZED,False
146,6.08,person,1,,,,AUTHORIZED,False
146,6.08,vehicle,2,car,JK02DA7007,0.923,,
147,6.12,person,1,,,,AUTHORIZED,True
147,6.12,vehicle,2,car,JK02DA7007,0.923,,
147,6.12,person,19,,,,UNAUTHORIZED,False
148,6.17,person,1,,,,AUTHORIZED,True
148,6.17,vehicle,2,car,JK02DA7007,0.923,,
149,6.21,person,1,,,,AUTHORIZED,False
149,6.21,vehicle,2,car,JK02DA7007,0.923,,
149,6.21,person,19,,,,UNAUTHORIZED,False
150,6.25,person,1,,,,AUTHORIZED,True
150,6.25,vehicle,2,car,JK02DA7007,0.923,,
150,6.25,person,19,,,,UNAUTHORIZED,False
151,6.29,person,1,,,,AUTHORIZED,True
151,6.29,vehicle,2,car,JK02DA7007,0.923,,
151,6.29,person,19,,,,UNAUTHORIZED,False
152,6.33,person,1,,,,AUTHORIZED,True
152,6.33,vehicle,2,car,JK02DA7007,0.923,,
152,6.33,person,19,,,,UNAUTHORIZED,False
153,6.38,person,1,,,,AUTHORIZED,True
153,6.38,vehicle,2,car,JK02DA7007,0.923,,
153,6.38,person,19,,,,UNAUTHORIZED,False
154,6.42,person,1,,,,AUTHORIZED,True
154,6.42,vehicle,2,car,JK02DA7007,0.923,,
154,6.42,person,19,,,,UNAUTHORIZED,False
155,6.46,person,1,,,,AUTHORIZED,True
155,6.46,person,19,,,,UNAUTHORIZED,False
156,6.5,person,1,,,,AUTHORIZED,True
156,6.5,person,19,,,,UNAUTHORIZED,False
156,6.5,vehicle,2,car,JK02DA7007,0.923,,
157,6.54,person,1,,,,AUTHORIZED,True
157,6.54,person,19,,,,UNAUTHORIZED,False
157,6.54,vehicle,2,car,JK02DA7007,0.923,,
158,6.58,person,1,,,,AUTHORIZED,True
158,6.58,person,19,,,,UNAUTHORIZED,False
158,6.58,vehicle,2,car,JK02DA7007,0.923,,
159,6.62,person,1,,,,AUTHORIZED,True
159,6.62,person,19,,,,UNAUTHORIZED,False
159,6.62,vehicle,2,car,JK02DA7007,0.923,,
160,6.67,person,1,,,,AUTHORIZED,True
160,6.67,person,19,,,,UNAUTHORIZED,False
160,6.67,vehicle,2,car,JK02DA7007,0.923,,
161,6.71,person,1,,,,AUTHORIZED,True
161,6.71,person,19,,,,UNAUTHORIZED,False
161,6.71,vehicle,2,car,JK02DA7007,0.923,,
162,6.75,person,1,,,,AUTHORIZED,True
162,6.75,vehicle,2,car,JK02DA7007,0.923,,
163,6.79,person,1,,,,AUTHORIZED,True
163,6.79,vehicle,2,car,JK02DA7007,0.923,,
164,6.83,person,1,,,,AUTHORIZED,True
164,6.83,vehicle,2,car,JK02DA7007,0.923,,
165,6.88,person,1,,,,AUTHORIZED,False
165,6.88,vehicle,2,car,JK02DA7007,0.923,,
166,6.92,person,1,,,,AUTHORIZED,False
166,6.92,vehicle,2,car,JK02DA7007,0.923,,
167,6.96,person,1,,,,AUTHORIZED,False
167,6.96,vehicle,2,car,JK02DA7007,0.923,,
167,6.96,vehicle,25,car,,0.0,,
168,7.0,person,1,,,,AUTHORIZED,False
168,7.0,vehicle,2,car,JK02DA7007,0.923,,
168,7.0,vehicle,25,car,AUIHOF,0.45,,
169,7.04,person,1,,,,AUTHORIZED,False
169,7.04,vehicle,2,car,JK02DA7007,0.923,,
169,7.04,vehicle,25,car,AUIHOF,0.45,,
170,7.08,person,1,,,,AUTHORIZED,False
170,7.08,vehicle,2,car,JK02DA7007,0.923,,
170,7.08,vehicle,25,car,AUIHOF,0.45,,
171,7.12,person,1,,,,AUTHORIZED,False
171,7.12,vehicle,2,car,JK02DA7007,0.923,,
172,7.17,person,1,,,,AUTHORIZED,False
172,7.17,vehicle,2,car,JK02DA7007,0.923,,
173,7.21,person,1,,,,AUTHORIZED,False
173,7.21,vehicle,2,car,JK02DA7007,0.923,,
173,7.21,vehicle,25,car,AUIHOF,0.45,,
174,7.25,person,1,,,,AUTHORIZED,False
174,7.25,vehicle,2,car,JK02DA7007,0.923,,
174,7.25,vehicle,25,car,AUIHOF,0.45,,
175,7.29,person,1,,,,AUTHORIZED,True
175,7.29,vehicle,2,car,JK02DA7007,0.923,,
175,7.29,vehicle,25,car,AUIHOF,0.45,,
176,7.33,person,1,,,,AUTHORIZED,False
176,7.33,vehicle,2,car,JK02DA7007,0.923,,
176,7.33,vehicle,25,car,AUIHOF,0.45,,
177,7.38,person,1,,,,AUTHORIZED,False
177,7.38,vehicle,2,car,JK02DA7007,0.923,,
177,7.38,vehicle,25,car,AUIHOF,0.45,,
178,7.42,person,1,,,,AUTHORIZED,False
178,7.42,vehicle,2,car,JK02DA7007,0.923,,
178,7.42,vehicle,25,car,AUIHOF,0.45,,
179,7.46,person,1,,,,AUTHORIZED,False
179,7.46,vehicle,25,car,AUIHOF,0.45,,
180,7.5,person,1,,,,AUTHORIZED,False
180,7.5,vehicle,25,car,AUIHOF,0.45,,
180,7.5,vehicle,27,car,,0.0,,
180,7.5,vehicle,2,car,JK02DA7007,0.923,,
181,7.54,person,1,,,,AUTHORIZED,True
181,7.54,vehicle,25,car,AUIHOF,0.45,,
181,7.54,vehicle,27,car,,0.0,,
181,7.54,vehicle,2,car,JK02DA7007,0.923,,
182,7.58,person,1,,,,AUTHORIZED,False
182,7.58,vehicle,25,car,AUIHOF,0.45,,
182,7.58,vehicle,2,car,JK02DA7007,0.923,,
183,7.62,person,1,,,,AUTHORIZED,True
183,7.62,vehicle,25,car,AUIHOF,0.45,,
184,7.67,person,1,,,,AUTHORIZED,True
184,7.67,vehicle,25,car,AUIHOF,0.45,,
185,7.71,person,1,,,,AUTHORIZED,True
185,7.71,vehicle,25,car,AUIHOF,0.45,,
185,7.71,vehicle,2,car,JK02DA7007,0.923,,
186,7.75,person,1,,,,AUTHORIZED,False
186,7.75,vehicle,2,car,JK02DA7007,0.923,,
187,7.79,person,1,,,,AUTHORIZED,False
187,7.79,vehicle,25,car,AUIHOF,0.45,,
188,7.83,person,1,,,,AUTHORIZED,False
188,7.83,vehicle,25,car,AUIHOF,0.45,,
189,7.88,person,1,,,,AUTHORIZED,False
189,7.88,vehicle,25,car,AUIHOF,0.45,,
190,7.92,person,1,,,,AUTHORIZED,False
190,7.92,vehicle,25,car,AUIHOF,0.45,,
191,7.96,person,1,,,,AUTHORIZED,False
191,7.96,vehicle,25,car,AUIHOF,0.45,,
192,8.0,person,1,,,,AUTHORIZED,False
192,8.0,vehicle,25,car,AUIHOF,0.45,,
193,8.04,person,1,,,,AUTHORIZED,False
193,8.04,vehicle,25,car,AUIHOF,0.45,,
194,8.08,person,1,,,,AUTHORIZED,False
194,8.08,vehicle,25,car,AUIHOF,0.45,,
195,8.12,person,1,,,,AUTHORIZED,True
195,8.12,vehicle,25,car,AUIHOF,0.45,,
196,8.17,person,1,,,,AUTHORIZED,True
196,8.17,vehicle,25,car,AUIHOF,0.45,,
197,8.21,person,1,,,,AUTHORIZED,False
197,8.21,vehicle,25,car,AUIHOF,0.45,,
198,8.25,person,1,,,,AUTHORIZED,False
198,8.25,vehicle,25,car,AUIHOF,0.45,,
199,8.29,person,1,,,,AUTHORIZED,False
199,8.29,vehicle,25,car,AUIHOF,0.45,,
200,8.33,person,1,,,,AUTHORIZED,False
200,8.33,vehicle,25,car,AUIHOF,0.45,,
201,8.38,person,1,,,,AUTHORIZED,False
201,8.38,vehicle,25,car,AUIHOF,0.45,,
201,8.38,person,33,,,,UNAUTHORIZED,False
202,8.42,person,1,,,,AUTHORIZED,False
202,8.42,vehicle,25,car,AUIHOF,0.45,,
202,8.42,person,33,,,,UNAUTHORIZED,False
203,8.46,person,1,,,,AUTHORIZED,False
203,8.46,vehicle,25,car,AUIHOF,0.45,,
203,8.46,person,33,,,,UNAUTHORIZED,False
204,8.5,person,1,,,,AUTHORIZED,False
204,8.5,vehicle,25,car,JK02047007,0.765,,
204,8.5,person,33,,,,UNAUTHORIZED,False
205,8.54,person,1,,,,AUTHORIZED,False
205,8.54,vehicle,25,car,JK02047007,0.765,,
205,8.54,person,33,,,,UNAUTHORIZED,False
206,8.58,person,1,,,,AUTHORIZED,False
206,8.58,vehicle,25,car,JK02047007,0.765,,
207,8.62,person,1,,,,AUTHORIZED,False
207,8.62,vehicle,25,car,JK02047007,0.765,,
208,8.67,person,1,,,,AUTHORIZED,False
208,8.67,vehicle,25,car,JK02047007,0.765,,
209,8.71,person,1,,,,AUTHORIZED,False
209,8.71,vehicle,25,car,JK02047007,0.765,,
210,8.75,person,1,,,,AUTHORIZED,False
210,8.75,vehicle,25,car,JK02047007,0.765,,
211,8.79,person,1,,,,AUTHORIZED,False
211,8.79,vehicle,25,car,JK02047007,0.765,,
212,8.83,person,1,,,,AUTHORIZED,True
212,8.83,vehicle,25,car,JK02047007,0.765,,
213,8.88,person,1,,,,AUTHORIZED,False
213,8.88,vehicle,25,car,JK02047007,0.765,,
214,8.92,person,1,,,,AUTHORIZED,False
214,8.92,vehicle,25,car,JK02047007,0.765,,
215,8.96,person,1,,,,AUTHORIZED,False
215,8.96,vehicle,25,car,JK02047007,0.765,,
216,9.0,person,1,,,,AUTHORIZED,False
216,9.0,vehicle,25,car,JK02047007,0.765,,
217,9.04,person,1,,,,AUTHORIZED,False
217,9.04,vehicle,25,car,JK02047007,0.765,,
218,9.08,person,1,,,,AUTHORIZED,False
218,9.08,vehicle,25,car,JK02047007,0.765,,
219,9.12,person,1,,,,AUTHORIZED,False
219,9.12,vehicle,25,car,JK02047007,0.765,,
220,9.17,person,1,,,,AUTHORIZED,False
220,9.17,vehicle,25,car,JK02047007,0.765,,
221,9.21,person,1,,,,AUTHORIZED,False
221,9.21,vehicle,25,car,JK02047007,0.765,,
222,9.25,person,1,,,,AUTHORIZED,False
222,9.25,vehicle,25,car,JK02047007,0.765,,
222,9.25,person,33,,,,UNAUTHORIZED,True
223,9.29,person,1,,,,AUTHORIZED,False
223,9.29,vehicle,25,car,JK02047007,0.765,,
223,9.29,person,33,,,,UNAUTHORIZED,True
224,9.33,person,1,,,,AUTHORIZED,False
224,9.33,vehicle,25,car,JK02047007,0.765,,
225,9.38,person,1,,,,AUTHORIZED,False
225,9.38,vehicle,25,car,JK02047007,0.827,,
226,9.42,person,1,,,,AUTHORIZED,False
226,9.42,vehicle,25,car,JK02047007,0.827,,
226,9.42,person,33,,,,UNAUTHORIZED,True
227,9.46,person,1,,,,AUTHORIZED,False
227,9.46,vehicle,25,car,JK02047007,0.827,,
227,9.46,person,33,,,,UNAUTHORIZED,True
228,9.5,person,1,,,,AUTHORIZED,False
228,9.5,vehicle,25,car,JK02047007,0.827,,
228,9.5,person,33,,,,UNAUTHORIZED,True
229,9.54,person,1,,,,AUTHORIZED,False
229,9.54,vehicle,25,car,JK02047007,0.827,,
229,9.54,person,33,,,,UNAUTHORIZED,True
230,9.58,person,1,,,,AUTHORIZED,False
230,9.58,vehicle,25,car,JK02047007,0.827,,
230,9.58,person,33,,,,UNAUTHORIZED,True
231,9.62,person,1,,,,AUTHORIZED,False
231,9.62,vehicle,25,car,JK02047007,0.827,,
231,9.62,person,33,,,,UNAUTHORIZED,True
231,9.62,vehicle,38,car,PKO2047007,0.342,,
232,9.67,person,1,,,,AUTHORIZED,False
232,9.67,vehicle,25,car,JK02047007,0.827,,
232,9.67,person,33,,,,UNAUTHORIZED,True
232,9.67,vehicle,38,car,PKO2047007,0.342,,
233,9.71,person,1,,,,AUTHORIZED,False
233,9.71,vehicle,25,car,JK02047007,0.827,,
233,9.71,person,33,,,,UNAUTHORIZED,True
233,9.71,vehicle,38,car,PKO2047007,0.342,,
234,9.75,person,1,,,,AUTHORIZED,False
234,9.75,vehicle,25,car,JK02047007,0.827,,
234,9.75,person,33,,,,UNAUTHORIZED,True
235,9.79,person,1,,,,AUTHORIZED,False
235,9.79,vehicle,25,car,JK02047007,0.827,,
235,9.79,person,33,,,,UNAUTHORIZED,True
236,9.83,person,1,,,,AUTHORIZED,False
236,9.83,vehicle,25,car,JK02047007,0.827,,
236,9.83,person,33,,,,UNAUTHORIZED,True
237,9.88,person,1,,,,AUTHORIZED,False
237,9.88,vehicle,25,car,JK02047007,0.827,,
237,9.88,person,33,,,,UNAUTHORIZED,True
238,9.92,person,1,,,,AUTHORIZED,False
238,9.92,vehicle,25,car,JK02047007,0.827,,
238,9.92,person,33,,,,UNAUTHORIZED,True
239,9.96,person,1,,,,AUTHORIZED,False
239,9.96,vehicle,25,car,JK02047007,0.827,,
239,9.96,person,33,,,,UNAUTHORIZED,True
240,10.0,person,1,,,,AUTHORIZED,False
240,10.0,vehicle,25,car,JK02047007,0.827,,
240,10.0,person,33,,,,UNAUTHORIZED,True
241,10.04,person,1,,,,AUTHORIZED,False
241,10.04,vehicle,25,car,JK02047007,0.827,,
241,10.04,person,33,,,,UNAUTHORIZED,True
242,10.08,person,1,,,,AUTHORIZED,False
242,10.08,vehicle,25,car,JK02047007,0.827,,
242,10.08,person,33,,,,UNAUTHORIZED,True
243,10.12,person,1,,,,AUTHORIZED,False
243,10.12,vehicle,25,car,JK02047007,0.827,,
243,10.12,person,33,,,,UNAUTHORIZED,False
